feature,importance,horizon_min,pso_selected
kt_now,1544,10,False
ghi_delta_10m,746,10,False
dni_fraction,608,10,False
ghi_to_aws_sr_ratio,579,10,False
clp_cot,571,10,False
solar_elev_deg,520,10,False
dni_now,471,10,False
ghi_roll_30m_std,464,10,False
dhi_now,353,10,False
reflected_now,268,10,False
dhi_fraction,261,10,False
solar_elev_sin_clip,259,10,False
clp_cot_delta_60m,254,10,False
clp_cot_delta_180m,244,10,False
ghi_delta_60m,236,10,False
aws_sr_avg_w_m2,231,10,False
nett_rad_now,224,10,False
dni_roll_180m_mean,223,10,False
clp_cth_delta_180m,219,10,False
hour_sin,217,10,False
ghi_roll_30m_min,217,10,False
dni_lag_60m,207,10,False
dhi_lag_60m,204,10,False
aws_ws_avg,200,10,False
cloud_height_temp_interaction,195,10,False
dhi_roll_180m_mean,195,10,False
ghi_lag_30m,191,10,False
ghi_roll_30m_max,186,10,False
ghi_ramp_ratio_60m,184,10,False
clp_cot_roll_180m_mean,177,10,False
aws_temp_delta_60m,174,10,False
month_cos,172,10,False
ghi_roll_60m_std,171,10,False
aws_pressure_lag_60m,171,10,False
ghi_lag_10m,167,10,False
ghi_lag_120m,167,10,False
ghi_lag_180m,167,10,False
aws_rh_delta_60m,167,10,False
clp_cot_lag_60m,167,10,False
clp_ctt_k,167,10,False
ghi_now,166,10,False
clp_cth_delta_60m,166,10,False
ghi_roll_60m_range,163,10,False
aws_pressure_hpa,163,10,False
clp_cer,160,10,False
aws_ws_roll_180m_mean,158,10,False
aws_ws_max,154,10,False
clp_cth_roll_180m_mean,151,10,False
ghi_roll_60m_min,151,10,False
wind_v,149,10,False
clp_cth_m,149,10,False
ghi_roll_60m_max,147,10,False
temp_rh_interaction,146,10,False
clp_cth_lag_60m,145,10,False
wind_u,133,10,False
ghi_roll_180m_max,133,10,False
month_sin,129,10,False
synop_dewpoint_c,127,10,False
ghi_roll_180m_std,125,10,False
aws_wd_deg,115,10,False
ghi_roll_60m_mean,114,10,False
aws_temp_range,112,10,False
aws_temp_lag_60m,112,10,False
ghi_roll_180m_min,111,10,False
ghi_roll_30m_mean,110,10,False
ghi_roll_180m_range,108,10,False
aws_temp_roll_180m_mean,101,10,False
asrs_n_obs_1min,101,10,False
aws_rh_lag_60m,96,10,False
ghi_lag_60m,92,10,False
aws_temp_c,92,10,False
aws_temp_min_c,91,10,False
ghi_roll_180m_mean,85,10,False
solar_elev_sin,85,10,False
syn_weather_cloud_rain_proxy,79,10,False
aws_rh_pct,78,10,False
aws_rh_roll_180m_mean,75,10,False
aws_temp_max_c,67,10,False
vpd_proxy,64,10,False
synop_temp_c,63,10,False
syn_cloud_cover_oktas_m,62,10,False
synop_wind_dir_deg,62,10,False
syn_present_weather,60,10,False
diffuse_to_global_ratio,49,10,False
syn_cloud_low_cover_oktas,47,10,False
synop_rh_pct,45,10,False
syn_cloud_med_cover_oktas,39,10,False
hour_cos,36,10,False
synop_wind_speed,34,10,False
synop_visibility,30,10,False
clear_sky_ghi_now,27,10,False
asrs_ok_obs,25,10,False
aws_rain_sum_180m,25,10,False
syn_cloud_low_base_2,19,10,False
syn_total_cloud_oktas,16,10,False
clp_moderate_cloud_flag,14,10,False
syn_cloud_low_base_1,11,10,False
sun_above_5deg_flag,10,10,False
aws_rain_mm,9,10,False
clp_thick_cloud_flag,7,10,False
syn_past_weather_1,5,10,False
clp_thin_cloud_flag,4,10,False
syn_cloud_med_base_1,4,10,False
syn_past_weather_2,3,10,False
syn_cloud_base_min,2,10,False
synop_rainfall_24h_mm,1,10,False
syn_cloud_depth_proxy,0,10,False
syn_multi_layer_cloud_flag,0,10,False
daylight_flag,0,10,False
synop_solar_rad_24h,0,10,False
cloud_opacity_proxy,0,10,False
syn_low_cloud_present,0,10,False
syn_cloud_layer_4_height_m,0,10,False
syn_cloud_med_base_2,0,10,False
syn_cloud_low_base_3,0,10,False
syn_cloud_layer_2_amt_oktas,0,10,False
syn_cloud_high_base_1,0,10,False
syn_cloud_high_base_2,0,10,False
syn_cloud_layer_1_height_m,0,10,False
clp_cloud_present,0,10,False
clp_clear_flag,0,10,False
syn_cloud_layer_2_height_m,0,10,False
syn_cloud_layer_3_height_m,0,10,False
syn_cloud_layer_4_amt_oktas,0,10,False
syn_cloud_layer_3_amt_oktas,0,10,False
syn_cloud_layer_1_amt_oktas,0,10,False
kt_now,794,30,False
clp_cot,733,30,False
solar_elev_deg,386,30,False
clp_cot_delta_180m,370,30,False
dni_now,364,30,False
dni_fraction,362,30,False
hour_sin,330,30,False
clp_cot_delta_60m,313,30,False
month_cos,272,30,False
clp_cot_roll_180m_mean,264,30,False
nett_rad_now,252,30,False
aws_ws_roll_180m_mean,250,30,False
ghi_to_aws_sr_ratio,245,30,False
cloud_height_temp_interaction,235,30,False
aws_pressure_lag_60m,235,30,False
clp_cth_delta_60m,232,30,False
dhi_now,224,30,False
dni_roll_180m_mean,224,30,False
clp_cer,221,30,False
reflected_now,220,30,False
dhi_roll_180m_mean,219,30,False
ghi_delta_10m,215,30,False
clp_ctt_k,204,30,False
solar_elev_sin_clip,204,30,False
aws_rh_roll_180m_mean,202,30,False
aws_pressure_hpa,198,30,False
temp_rh_interaction,195,30,False
clp_cth_delta_180m,194,30,False
ghi_roll_180m_max,190,30,False
month_sin,190,30,False
clp_cot_lag_60m,188,30,False
synop_dewpoint_c,188,30,False
dhi_fraction,185,30,False
clp_cth_roll_180m_mean,184,30,False
ghi_roll_60m_max,184,30,False
ghi_lag_180m,177,30,False
clp_cth_m,169,30,False
asrs_n_obs_1min,164,30,False
dni_lag_60m,163,30,False
ghi_roll_180m_std,162,30,False
wind_v,159,30,False
wind_u,154,30,False
ghi_roll_30m_std,154,30,False
aws_ws_avg,149,30,False
aws_sr_avg_w_m2,148,30,False
clp_cth_lag_60m,148,30,False
ghi_lag_120m,145,30,False
synop_temp_c,143,30,False
synop_wind_dir_deg,139,30,False
ghi_roll_180m_range,137,30,False
aws_wd_deg,134,30,False
ghi_roll_30m_max,131,30,False
aws_temp_delta_60m,128,30,False
ghi_roll_60m_range,127,30,False
syn_weather_cloud_rain_proxy,125,30,False
ghi_roll_180m_min,125,30,False
ghi_now,125,30,False
aws_temp_min_c,124,30,False
aws_temp_roll_180m_mean,119,30,False
ghi_ramp_ratio_60m,118,30,False
aws_temp_lag_60m,117,30,False
aws_ws_max,116,30,False
ghi_roll_60m_std,116,30,False
ghi_roll_180m_mean,114,30,False
ghi_delta_60m,114,30,False
aws_rh_delta_60m,114,30,False
ghi_roll_30m_min,113,30,False
aws_rain_sum_180m,113,30,False
syn_cloud_cover_oktas_m,111,30,False
ghi_roll_60m_min,111,30,False
aws_rh_lag_60m,110,30,False
dhi_lag_60m,105,30,False
synop_rh_pct,98,30,False
solar_elev_sin,89,30,False
ghi_lag_60m,87,30,False
syn_cloud_low_cover_oktas,85,30,False
aws_rh_pct,80,30,False
ghi_lag_10m,79,30,False
ghi_roll_60m_mean,74,30,False
vpd_proxy,66,30,False
aws_temp_c,65,30,False
syn_cloud_med_cover_oktas,62,30,False
synop_wind_speed,59,30,False
ghi_lag_30m,56,30,False
syn_present_weather,55,30,False
synop_visibility,48,30,False
aws_temp_range,47,30,False
ghi_roll_30m_mean,45,30,False
aws_rain_mm,44,30,False
aws_temp_max_c,42,30,False
asrs_ok_obs,33,30,False
clear_sky_ghi_now,28,30,False
hour_cos,26,30,False
clp_moderate_cloud_flag,26,30,False
syn_past_weather_1,23,30,False
diffuse_to_global_ratio,22,30,False
syn_cloud_low_base_2,21,30,False
syn_cloud_low_base_1,21,30,False
clp_thick_cloud_flag,15,30,False
syn_total_cloud_oktas,14,30,False
syn_past_weather_2,13,30,False
syn_cloud_med_base_1,10,30,False
syn_cloud_base_min,6,30,False
clp_thin_cloud_flag,4,30,False
synop_solar_rad_24h,3,30,False
syn_cloud_low_base_3,3,30,False
clp_cloud_present,2,30,False
synop_rainfall_24h_mm,2,30,False
syn_cloud_layer_4_amt_oktas,0,30,False
syn_cloud_med_base_2,0,30,False
syn_cloud_depth_proxy,0,30,False
syn_multi_layer_cloud_flag,0,30,False
syn_low_cloud_present,0,30,False
cloud_opacity_proxy,0,30,False
daylight_flag,0,30,False
syn_cloud_high_base_1,0,30,False
syn_cloud_layer_3_amt_oktas,0,30,False
sun_above_5deg_flag,0,30,False
syn_cloud_high_base_2,0,30,False
syn_cloud_layer_1_height_m,0,30,False
syn_cloud_layer_2_height_m,0,30,False
syn_cloud_layer_3_height_m,0,30,False
syn_cloud_layer_4_height_m,0,30,False
syn_cloud_layer_1_amt_oktas,0,30,False
syn_cloud_layer_2_amt_oktas,0,30,False
clp_clear_flag,0,30,False
clp_cot,446,60,False
hour_sin,342,60,False
kt_now,323,60,False
solar_elev_deg,212,60,False
clp_cot_delta_180m,201,60,False
dni_now,187,60,False
dni_fraction,187,60,False
month_cos,174,60,False
clp_cer,163,60,False
month_sin,161,60,False
cloud_height_temp_interaction,159,60,False
nett_rad_now,150,60,False
aws_ws_roll_180m_mean,148,60,False
solar_elev_sin_clip,140,60,False
clp_cot_delta_60m,136,60,False
asrs_n_obs_1min,129,60,False
dhi_roll_180m_mean,123,60,False
dhi_now,121,60,False
ghi_roll_180m_max,118,60,False
ghi_to_aws_sr_ratio,114,60,False
aws_pressure_hpa,109,60,False
aws_pressure_lag_60m,108,60,False
temp_rh_interaction,101,60,False
ghi_lag_180m,99,60,False
aws_temp_roll_180m_mean,93,60,False
dhi_fraction,91,60,False
synop_dewpoint_c,89,60,False
clp_cth_m,88,60,False
reflected_now,87,60,False
clp_cth_roll_180m_mean,87,60,False
clp_cth_delta_60m,86,60,False
clp_cot_roll_180m_mean,85,60,False
aws_rh_roll_180m_mean,85,60,False
syn_cloud_cover_oktas_m,83,60,False
ghi_roll_180m_std,79,60,False
ghi_roll_60m_max,79,60,False
clp_ctt_k,77,60,False
syn_weather_cloud_rain_proxy,76,60,False
synop_wind_dir_deg,75,60,False
synop_temp_c,66,60,False
ghi_roll_180m_mean,66,60,False
wind_u,61,60,False
clp_cth_delta_180m,61,60,False
aws_rain_sum_180m,60,60,False
ghi_now,59,60,False
dni_roll_180m_mean,58,60,False
clp_cot_lag_60m,56,60,False
ghi_roll_30m_max,53,60,False
syn_cloud_low_cover_oktas,49,60,False
ghi_roll_180m_min,49,60,False
ghi_roll_180m_range,46,60,False
ghi_roll_60m_min,45,60,False
wind_v,42,60,False
dni_lag_60m,42,60,False
aws_sr_avg_w_m2,42,60,False
ghi_delta_60m,39,60,False
aws_wd_deg,38,60,False
solar_elev_sin,36,60,False
synop_rh_pct,35,60,False
aws_rh_lag_60m,34,60,False
aws_rain_mm,34,60,False
aws_temp_min_c,34,60,False
asrs_ok_obs,33,60,False
ghi_ramp_ratio_60m,32,60,False
dhi_lag_60m,32,60,False
aws_temp_lag_60m,31,60,False
clp_cth_lag_60m,30,60,False
syn_cloud_med_cover_oktas,29,60,False
aws_rh_pct,29,60,False
aws_ws_avg,28,60,False
ghi_lag_120m,27,60,False
ghi_roll_60m_mean,26,60,False
ghi_roll_60m_range,25,60,False
aws_ws_max,24,60,False
ghi_delta_10m,23,60,False
ghi_roll_30m_mean,23,60,False
aws_rh_delta_60m,23,60,False
synop_visibility,21,60,False
vpd_proxy,20,60,False
synop_wind_speed,19,60,False
aws_temp_c,19,60,False
ghi_roll_30m_std,19,60,False
ghi_roll_30m_min,18,60,False
ghi_roll_60m_std,18,60,False
aws_temp_delta_60m,17,60,False
clp_moderate_cloud_flag,17,60,False
syn_cloud_low_base_1,16,60,False
syn_cloud_low_base_2,16,60,False
aws_temp_max_c,15,60,False
syn_present_weather,15,60,False
diffuse_to_global_ratio,14,60,False
clear_sky_ghi_now,14,60,False
ghi_lag_10m,12,60,False
syn_past_weather_2,12,60,False
clp_thick_cloud_flag,11,60,False
hour_cos,11,60,False
syn_total_cloud_oktas,10,60,False
ghi_lag_60m,10,60,False
syn_past_weather_1,10,60,False
ghi_lag_30m,7,60,False
aws_temp_range,5,60,False
syn_cloud_med_base_1,4,60,False
syn_cloud_low_base_3,3,60,False
clp_thin_cloud_flag,3,60,False
syn_cloud_base_min,2,60,False
synop_rainfall_24h_mm,1,60,False
syn_low_cloud_present,0,60,False
syn_multi_layer_cloud_flag,0,60,False
daylight_flag,0,60,False
syn_cloud_depth_proxy,0,60,False
synop_solar_rad_24h,0,60,False
cloud_opacity_proxy,0,60,False
clp_clear_flag,0,60,False
sun_above_5deg_flag,0,60,False
syn_cloud_layer_4_amt_oktas,0,60,False
syn_cloud_layer_3_amt_oktas,0,60,False
syn_cloud_layer_2_amt_oktas,0,60,False
syn_cloud_layer_1_amt_oktas,0,60,False
syn_cloud_layer_4_height_m,0,60,False
syn_cloud_layer_3_height_m,0,60,False
syn_cloud_layer_2_height_m,0,60,False
syn_cloud_layer_1_height_m,0,60,False
syn_cloud_high_base_2,0,60,False
syn_cloud_high_base_1,0,60,False
syn_cloud_med_base_2,0,60,False
clp_cloud_present,0,60,False
