model,n_rows,mae,rmse,r2,mbe,skill_vs_persistence,segment_col,segment_val
persistence,3495,133.01735610872674,193.59029299257597,-39.53436549630386,115.3062643776824,0.0,target_ghi_bin,0-100
pred_raw,3495,63.726489950428785,101.28325409942424,-10.095107574982112,61.19873314809208,0.47681646360590835,target_ghi_bin,0-100
pred_isotonic,3495,59.92487126433366,99.73851232493521,-9.759249958764935,55.49395632315814,0.4847959017823269,target_ghi_bin,0-100
pred_bin_bias,3495,58.18652094908291,98.89793123571215,-9.578659512507116,53.264512593978424,0.48913796396028597,target_ghi_bin,0-100
pred_high_residual_cal,3495,64.04953127351433,102.61415726465964,-10.388611825447978,61.52801690956322,0.46994161908420273,target_ghi_bin,0-100
pred_high_residual_cal_full,3495,64.17549402060865,103.12654937664873,-10.502631261199031,61.63777816338693,0.467294832904646,target_ghi_bin,0-100
pred_blend_raw_highcal_50,3495,63.888010611971566,101.9095881623018,-10.232755814567428,61.363375028827654,0.47358110478085824,target_ghi_bin,0-100
pred_blend_iso_highcal_50,3495,61.87734649657953,101.08630961372728,-10.052000828462166,58.510986616360675,0.47783378985017677,target_ghi_bin,0-100
persistence,5261,188.64454242179895,246.25580278860463,-17.390577516044694,72.42618176793084,0.0,target_ghi_bin,100-300
pred_raw,5261,101.82434472295981,145.31064553281894,-5.403498109702722,84.80446327990128,0.4099199130037998,target_ghi_bin,100-300
pred_isotonic,5261,102.97920095754797,146.97223052779833,-5.550779662812123,83.9067014664124,0.4031725187245033,target_ghi_bin,100-300
pred_bin_bias,5261,104.3679759355807,151.15420300443856,-5.928877398356616,82.48724380284511,0.38619028955758217,target_ghi_bin,100-300
pred_high_residual_cal,5261,104.03632794409681,150.81152568639007,-5.89749649534419,87.0048655874177,0.38758183978368044,target_ghi_bin,100-300
pred_high_residual_cal_full,5261,104.87418297327417,152.88386754055685,-6.088359617564023,87.73833302325652,0.3791664366512484,target_ghi_bin,100-300
pred_blend_raw_highcal_50,5261,102.8600771077577,147.92247790978428,-5.635761493582575,85.90466443365949,0.3993137370380402,target_ghi_bin,100-300
pred_blend_iso_highcal_50,5261,103.39235140848095,148.7056992104308,-5.706217709531921,85.45578352691506,0.39613321787147715,target_ghi_bin,100-300
persistence,6696,195.7411657224877,231.9395802436641,-6.2432376730117,-2.388763094052834,0.0,target_ghi_bin,300-600
pred_raw,6696,126.2395793650106,160.64504043104702,-2.474702659366947,51.61248977484109,0.30738410295353047,target_ghi_bin,300-600
pred_isotonic,6696,126.07354479287716,160.1784998286387,-2.454549707159027,54.42292267218749,0.3093955776743098,target_ghi_bin,300-600
pred_bin_bias,6696,135.18177865506422,173.06105125474056,-3.032567793494856,65.0854329203917,0.2538528737832012,target_ghi_bin,300-600
pred_high_residual_cal,6696,135.37440919225224,174.47464156341826,-3.098714157384599,61.417827422951106,0.24775822487854837,target_ghi_bin,300-600
pred_high_residual_cal_full,6696,138.65434763018823,179.65703980820655,-3.3458174698540226,64.68627330565444,0.22541448242914008,target_ghi_bin,300-600
pred_blend_raw_highcal_50,6696,130.6614543176346,167.21473628154413,-2.7647149509900326,56.515158598896086,0.2790590717380935,target_ghi_bin,300-600
pred_blend_iso_highcal_50,6696,130.546643029796,166.91815722659854,-2.751372282036647,57.92037504756929,0.2803377627430269,target_ghi_bin,300-600
persistence,6004,176.38955949737212,219.07267305376746,-5.461071456401969,-74.46307382115627,0.0,target_ghi_bin,600-900
pred_raw,6004,108.32054509348346,134.6357783715573,-1.4403330421659826,-64.67131490773964,0.3854286958989478,target_ghi_bin,600-900
pred_isotonic,6004,108.9726652361149,134.65663716834456,-1.4410892505784783,-66.16763472447082,0.385333481847389,target_ghi_bin,600-900
pred_bin_bias,6004,100.82150523457967,129.6158556327166,-1.2617489198018665,-41.028981830893336,0.40834311360730635,target_ghi_bin,600-900
pred_high_residual_cal,6004,110.99384996690085,138.3398974740929,-1.5764577691848354,-51.35771184341506,0.3685205208586656,target_ghi_bin,600-900
pred_high_residual_cal_full,6004,113.03769844701877,141.31486297196548,-1.6884614458722926,-46.919844155306855,0.35494070984708215,target_ghi_bin,600-900
pred_blend_raw_highcal_50,6004,108.96450110796297,135.476818653681,-1.4709167238547498,-58.01451337557735,0.38158960328004654,target_ghi_bin,600-900
pred_blend_iso_highcal_50,6004,109.22907644738315,135.37992365854552,-1.4673835165035367,-58.762673283942945,0.38203189940847193,target_ghi_bin,600-900
persistence,2254,177.31201793636708,249.85901432615526,-17.384400015399187,-153.2638990366333,0.0,target_ghi_bin,900+
pred_raw,2254,163.48882624862554,192.05466452281797,-9.861983414668867,-163.2049868390013,0.23134786615255742,target_ghi_bin,900+
pred_isotonic,2254,163.36668117675373,192.96738658094975,-9.965469882963735,-163.0998707248767,0.22769491786652774,target_ghi_bin,900+
pred_bin_bias,2254,134.12618249227148,169.3153658563418,-7.44213247696222,-132.88477298081708,0.3223563844075492,target_ghi_bin,900+
pred_high_residual_cal,2254,138.01063328983483,172.11262083874558,-7.723381219547523,-135.93484800933788,0.3111610509514092,target_ghi_bin,900+
pred_high_residual_cal_full,2254,130.85747686748255,167.38306130069543,-7.250541045756179,-126.84480173278342,0.33008996392581313,target_ghi_bin,900+
pred_blend_raw_highcal_50,2254,150.17861155421036,181.09497732042527,-8.657667003280574,-149.5699174241696,0.2752113514542579,target_ghi_bin,900+
pred_blend_iso_highcal_50,2254,150.16525471258245,181.58725354301052,-8.71024385220582,-149.5173593671073,0.27324113547500717,target_ghi_bin,900+
persistence,2210,108.52444022624435,131.70283136326432,-12.628424980515947,96.3912653846154,0.0,pred_ghi_bin,0-100
pred_raw,2210,23.03425293022412,29.316054467978137,0.3247470587187449,12.253534949590557,0.777407560911745,pred_ghi_bin,0-100
pred_isotonic,2210,20.135119605003695,27.105853676543898,0.422726496791501,5.340025145096251,0.7941892866237613,pred_ghi_bin,0-100
pred_bin_bias,2210,19.799744848455095,26.942763821774165,0.42965224949776326,4.130312343885661,0.7954276036218211,pred_ghi_bin,0-100
pred_high_residual_cal,2210,23.03521037686566,29.31693893930907,0.32470631306671327,12.272379822468588,0.7774008452525464,pred_ghi_bin,0-100
pred_high_residual_cal_full,2210,23.038201304000314,29.32088236796079,0.32452463300949896,12.278661446761268,0.7773709033856107,pred_ghi_bin,0-100
pred_blend_raw_highcal_50,2210,23.03072398616368,29.314444112234035,0.3248212411151561,12.262957386029573,0.7774197881032748,pred_ghi_bin,0-100
pred_blend_iso_highcal_50,2210,21.410492104364188,27.985679504375778,0.38464298313666345,8.80620248378242,0.787508900038866,pred_ghi_bin,0-100
persistence,5333,175.41642292913633,221.3428897681186,-2.864502524528406,32.624197465044844,0.0,pred_ghi_bin,100-300
pred_raw,5333,74.98670247471067,98.25051488295912,0.23856626517433588,23.553999162546933,0.5561162367316722,pred_ghi_bin,100-300
pred_isotonic,5333,73.88405572026588,97.44072151541535,0.2510662082915601,20.41843527286734,0.5597747837416626,pred_ghi_bin,100-300
pred_bin_bias,5333,72.2545602636647,96.36802076830257,0.2674650959379684,13.726712227721734,0.5646211140133806,pred_ghi_bin,100-300
pred_high_residual_cal,5333,75.13010239485686,98.53298705488103,0.23418169729183924,23.624541529527214,0.5548400621402145,pred_ghi_bin,100-300
pred_high_residual_cal_full,5333,75.2902834225545,98.75661911784206,0.2307015251996286,23.648055651853976,0.5538297199367883,pred_ghi_bin,100-300
pred_blend_raw_highcal_50,5333,74.99075254881592,98.31867217011131,0.23750947155698787,23.589270346037072,0.555808310476514,pred_ghi_bin,100-300
pred_blend_iso_highcal_50,5333,74.39424806829048,97.86964155778833,0.24445829901563243,22.02148840119728,0.5578369756520405,pred_ghi_bin,100-300
persistence,7400,210.58621417567568,259.4663161422834,-1.0509692288342105,-14.72950177027027,0.0,pred_ghi_bin,300-600
pred_raw,7400,126.20090546716446,157.70179272077814,0.24234684930913453,8.822113354499717,0.3922070692432412,pred_ghi_bin,300-600
pred_isotonic,7400,126.53332574036158,158.47880176764653,0.2348624239771625,14.590420628269337,0.38921242601393546,pred_ghi_bin,300-600
pred_bin_bias,7400,126.65244073557284,158.85310486890492,0.23124387596401608,21.730003241619677,0.3877698376008286,pred_ghi_bin,300-600
pred_high_residual_cal,7400,127.98545894270565,159.345033279075,0.22647521208588284,13.664906085118005,0.38587391362316537,pred_ghi_bin,300-600
pred_high_residual_cal_full,7400,128.77287348870058,160.35749278577183,0.2166142133452379,15.279170328657438,0.3819718290607068,pred_ghi_bin,300-600
pred_blend_raw_highcal_50,7400,126.97386112560018,158.25915066712514,0.23698191050976158,11.243509719808861,0.39005897559226665,pred_ghi_bin,300-600
pred_blend_iso_highcal_50,7400,127.10699051992114,158.61114939174695,0.23358393849342662,14.127663356693674,0.38870234969239925,pred_ghi_bin,300-600
persistence,8528,171.10944195590994,225.04717786103714,-0.3309370969536456,-33.81984908536585,0.0,pred_ghi_bin,600-900
pred_raw,8528,142.02382422371068,177.3553651826388,0.1733930553629215,3.2819470915340734,0.21191917682188066,pred_ghi_bin,600-900
pred_isotonic,8528,142.6204425134802,177.53880688449402,0.17168222351461726,0.30439018537702617,0.21110405128421006,pred_ghi_bin,600-900
pred_bin_bias,8528,137.54732250564695,179.94989766913298,0.14903128114252218,30.17954838916742,0.20039033868601086,pred_ghi_bin,600-900
pred_high_residual_cal,8528,144.3473363370606,185.57907502580017,0.09495869691098646,23.842599260251863,0.17537701743413048,pred_ghi_bin,600-900
pred_high_residual_cal_full,8528,146.22927795362534,190.0380633801949,0.050944566515662815,30.696149983157785,0.15556344591203797,pred_ghi_bin,600-900
pred_blend_raw_highcal_50,8528,142.57834977083817,180.45711051111155,0.14422738227458554,13.562273175892965,0.1981365319651296,pred_ghi_bin,600-900
pred_blend_iso_highcal_50,8528,142.84895608089488,180.45916301416221,0.1442079152013006,12.073494722814441,0.19812741164169267,pred_ghi_bin,600-900
persistence,242,152.39757378984655,224.21249138430255,-0.3906483712077413,-45.695909090909105,0.0,pred_ghi_bin,900+
pred_raw,242,124.19220536177177,192.56068909739076,-0.025729829250206615,28.433752383109173,0.14116877294164787,pred_ghi_bin,900+
pred_isotonic,242,124.21431094675052,192.5066844044628,-0.025154566906583797,28.68167654127973,0.14140963683194474,pred_ghi_bin,900+
pred_bin_bias,242,121.34613671001463,197.87455262587858,-0.08312259191254379,53.69541754948519,0.11746865036738952,pred_ghi_bin,900+
pred_high_residual_cal,242,119.38365092229049,199.88311064958847,-0.10522301869254469,62.55667700486606,0.1085103714984963,pred_ghi_bin,900+
pred_high_residual_cal_full,242,120.39386551113971,204.46133521753814,-0.15643201880906688,73.93098521211836,0.088091239006442,pred_ghi_bin,900+
pred_blend_raw_highcal_50,242,120.30302077817008,194.97168303964298,-0.0515763344262703,45.495214693987606,0.13041560781972905,pred_ghi_bin,900+
pred_blend_iso_highcal_50,242,120.34114578996795,194.99933332263453,-0.05187461820309669,45.619176773072894,0.13029228604215615,pred_ghi_bin,900+
persistence,48,95.98715,105.39268182960451,-4.741059236798452,-95.98715,0.0,hour,5
pred_raw,48,33.602547329383924,44.098125396551545,-0.005104859343581625,-8.333158468203651,0.5815826618033312,hour,5
pred_isotonic,48,34.78229752120969,46.198886779399466,-0.10314890469270788,-15.668401345793361,0.5616499554106391,hour,5
pred_bin_bias,48,34.71466213527241,46.440886432211585,-0.11473623381331222,-17.283520650092466,0.5593537840957903,hour,5
pred_high_residual_cal,48,33.602547329383924,44.098125396551545,-0.005104859343581625,-8.333158468203651,0.5815826618033312,hour,5
pred_high_residual_cal_full,48,33.602547329383924,44.098125396551545,-0.005104859343581625,-8.333158468203651,0.5815826618033312,hour,5
pred_blend_raw_highcal_50,48,33.602547329383924,44.098125396551545,-0.005104859343581625,-8.333158468203651,0.5815826618033312,hour,5
pred_blend_iso_highcal_50,48,34.07105103620805,44.997557112384136,-0.046523512566736924,-12.000779906998504,0.5730485615202892,hour,5
persistence,1736,135.48322701612904,153.00771861277678,-1.9467289912202639,-135.1594758640553,0.0,hour,6
pred_raw,1736,55.62754609220088,69.82033634378908,0.3864112482020614,26.499466922010896,0.5436809529819446,hour,6
pred_isotonic,1736,54.68757576049798,69.05908878178509,0.3997181619312433,22.785827783769584,0.5486561762511086,hour,6
pred_bin_bias,1736,52.814607608089545,66.91360186089206,0.4364371817243282,17.967147908434274,0.5626782591913995,hour,6
pred_high_residual_cal,1736,55.62754609220088,69.82033634378908,0.3864112482020614,26.499466922010896,0.5436809529819446,hour,6
pred_high_residual_cal_full,1736,55.62754609220088,69.82033634378908,0.3864112482020614,26.499466922010896,0.5436809529819446,hour,6
pred_blend_raw_highcal_50,1736,55.62754609220088,69.82033634378908,0.3864112482020614,26.499466922010896,0.5436809529819446,hour,6
pred_blend_iso_highcal_50,1736,55.11234675932368,69.37444864693802,0.39422324344496873,24.642647352890243,0.5465951046397409,hour,6
persistence,2169,184.35619883714972,210.25708760380485,-1.2061125276512716,-177.90022013728804,0.0,hour,7
pred_raw,2169,85.26411823463324,105.27616354353411,0.4469218874788611,14.898423794784417,0.49929790836868315,hour,7
pred_isotonic,2169,85.06879026060497,105.88104092313655,0.44054807005224994,17.31623748918767,0.49642106180671497,hour,7
pred_bin_bias,2169,84.49003459654313,105.71759391917071,0.44227397231299126,18.606764427482137,0.4971984291993131,hour,7
pred_high_residual_cal,2169,85.26411823463324,105.27616354353411,0.4469218874788611,14.898423794784417,0.49929790836868315,hour,7
pred_high_residual_cal_full,2169,85.26411823463324,105.27616354353411,0.4469218874788611,14.898423794784417,0.49929790836868315,hour,7
pred_blend_raw_highcal_50,2169,85.26411823463324,105.27616354353411,0.4469218874788611,14.898423794784417,0.49929790836868315,hour,7
pred_blend_iso_highcal_50,2169,85.09990166187053,105.47761467282271,0.4448031778162428,16.107330641986046,0.49833979023062447,hour,7
persistence,2175,195.72548327458492,229.62509088903312,-0.5357553090615663,-171.90187499872286,0.0,hour,8
pred_raw,2175,108.42422174406934,134.87599498108304,0.47015033278622154,2.466996397055494,0.41262518630308487,hour,8
pred_isotonic,2175,108.82467953874799,135.80288336204742,0.4628428946200216,6.543277307582933,0.40858865711816095,hour,8
pred_bin_bias,2175,106.84509151141451,135.96364973299427,0.46157034558663246,17.006908247582775,0.4078885316644293,hour,8
pred_high_residual_cal,2175,110.05283533732303,136.70455908035595,0.45568620660560977,4.407738964792799,0.40466192718278005,hour,8
pred_high_residual_cal_full,2175,110.92247078227952,137.8161039150602,0.44679858887157564,5.054653154038567,0.39982123303040873,hour,8
pred_blend_raw_highcal_50,2175,109.04967648113605,135.5038959524864,0.4652055310124451,3.4373676809241465,0.40989072479902033,hour,8
pred_blend_iso_highcal_50,2175,109.20685086611368,135.88449690844007,0.462197069313231,5.475508136187867,0.40823323626203123,hour,8
persistence,2157,187.64928280018543,232.78143603245502,-0.05286560226863668,-131.4652846546129,0.0,hour,9
pred_raw,2157,142.6244359943078,178.0714752676989,0.3838804853521397,19.614046489116102,0.23502716409537183,hour,9
pred_isotonic,2157,143.9920189938422,178.70750783377656,0.3794713354170477,17.32742620657617,0.23229484756309915,hour,9
pred_bin_bias,2157,141.6954654143873,181.62216439752976,0.3590650636271061,40.95830872368313,0.2197738466902167,hour,9
pred_high_residual_cal,2157,152.10858093413577,188.42644479885,0.3101415961992211,30.523369543977424,0.19054350720398905,hour,9
pred_high_residual_cal_full,2157,156.11647458017694,193.35991016643842,0.2735443221861442,34.159810562264525,0.1693499556404504,hour,9
pred_blend_raw_highcal_50,2157,146.75027025958823,182.3707178686104,0.35377096569186395,25.068708016546765,0.21655815439172832,hour,9
pred_blend_iso_highcal_50,2157,147.34806482918225,182.63250439165043,0.3519143576184569,23.925397875276797,0.21543355215753845,hour,9
persistence,2174,176.36735024313313,233.98828954976216,0.048905313468353584,-106.77212853200159,0.0,hour,10
pred_raw,2174,140.93068809576815,178.52404564948216,0.4463581003294511,6.783881465728145,0.23703854584775896,hour,10
pred_isotonic,2174,141.14682476218113,178.49423562625623,0.44654297962567047,6.364342053007133,0.23716594548507963,hour,10
pred_bin_bias,2174,137.2031496633859,181.16055192998726,0.4298845896802448,33.58498244674728,0.22577086110345723,hour,10
pred_high_residual_cal,2174,144.99111711257325,188.87905192910208,0.3802691749739966,33.122283467404216,0.19278416756436323,hour,10
pred_high_residual_cal_full,2174,147.89732196930413,194.36476463164232,0.3437480854368751,41.90175080129623,0.16933977762033736,hour,10
pred_blend_raw_highcal_50,2174,142.12018292960482,182.4933464463837,0.42146507701220703,19.95308246656618,0.22007487298815043,hour,10
pred_blend_iso_highcal_50,2174,142.24099347016377,182.44829755442498,0.4217506670457265,19.743312760205676,0.22026739925536398,hour,10
persistence,2130,156.04410959087863,222.5682847061268,0.09032135395211804,-28.05454580818243,0.0,hour,11
pred_raw,2130,143.9590711341116,181.7866227455601,0.3931445099367322,2.9560328995723966,0.18323213486779444,hour,11
pred_isotonic,2130,144.38368553504966,182.35925912152908,0.3893152418002154,2.715375433029151,0.18065927783775948,hour,11
pred_bin_bias,2130,139.24431370238764,184.02559056998007,0.3781038290813924,30.718121155628637,0.1731724454229293,hour,11
pred_high_residual_cal,2130,143.51785838449229,189.0607938539041,0.34360631096630345,34.83664365505279,0.1505492613040762,hour,11
pred_high_residual_cal_full,2130,144.89414468755277,193.8096265072525,0.31021756382343113,45.463513906879584,0.12921274132496674,hour,11
pred_blend_raw_highcal_50,2130,142.9196272796036,184.06045449756868,0.3778681684124282,18.89633827731259,0.17301580168712194,hour,11
pred_blend_iso_highcal_50,2130,143.17979559705492,184.34354876176428,0.3759529564153553,18.776009544040967,0.1717438582717813,hour,11
persistence,2161,167.79770194354464,237.14977877890615,-0.01986936959934127,51.09670703378067,0.0,hour,12
pred_raw,2161,154.21564831294,194.6363941626622,0.31301508421815594,11.160900840602872,0.1792680762138893,hour,12
pred_isotonic,2161,155.2734403203915,195.14155575390757,0.30944443908284425,8.830014838407775,0.17713793890637652,hour,12
pred_bin_bias,2161,151.06382922835795,197.77732316218896,0.29066385561642916,36.31664649975531,0.16602358146588858,hour,12
pred_high_residual_cal,2161,154.53124722932967,200.31968551889682,0.2723100780260337,32.482257638147786,0.15530308925291425,hour,12
pred_high_residual_cal_full,2161,155.43880377308668,203.5374246290096,0.24874452352165555,39.58937657066276,0.14173470590176362,hour,12
pred_blend_raw_highcal_50,2161,153.94979372818023,196.71184648641565,0.2982860168697846,21.82157923937533,0.17051642426447566,hour,12
pred_blend_iso_highcal_50,2161,154.4690036854886,196.883522268452,0.29706067262624625,20.656136238277778,0.16979251137313622,hour,12
persistence,2139,205.54700275829828,278.7159885671385,-0.4327286741131753,140.36429878447873,0.0,hour,13
pred_raw,2139,153.89255004094503,187.6439468102678,0.3506044542169149,-4.715580405156767,0.32675571367493617,hour,13
pred_isotonic,2139,153.9181867745238,187.31548737688604,0.3528759200664111,-4.346735091086366,0.3279341872711957,hour,13
pred_bin_bias,2139,151.12254132129948,187.99802101638457,0.34815139188165956,13.117413745392644,0.3254853373038602,hour,13
pred_high_residual_cal,2139,153.9489290143672,190.31224271079606,0.3320043388428193,4.9708923285114395,0.3171821835942049,hour,13
pred_high_residual_cal_full,2139,154.53302696619687,191.99837830263928,0.3201152370229453,8.199716573067509,0.3111325285295222,hour,13
pred_blend_raw_highcal_50,2139,153.65749721194504,188.52318374462286,0.3445044946709034,0.1276559616773378,0.32360111555203996,hour,13
pred_blend_iso_highcal_50,2139,153.59763102964357,188.26739079817224,0.3462820731436067,0.31207861871253656,0.3245188703883004,hour,13
persistence,2152,222.74449995353163,282.1263377421653,-1.1672257547622054,186.43537263011154,0.0,hour,14
pred_raw,2152,130.14748820211767,156.4549999071651,0.3335067065601339,-2.9016555376798765,0.44544348053690386,hour,14
pred_isotonic,2152,129.62519178444893,156.73077789959657,0.33115502492281124,1.8225328410534882,0.44446598231877044,hour,14
pred_bin_bias,2152,129.08250239732732,156.66734764716136,0.3316962896482326,4.0744950488530325,0.4446908115670528,hour,14
pred_high_residual_cal,2152,130.11685435902584,156.4694689906634,0.3333834251943607,-2.836239050579622,0.44539219470654123,hour,14
pred_high_residual_cal_full,2152,130.10975164770696,156.4777031387779,0.33331326244533643,-2.814433554879538,0.44536300867527445,hour,14
pred_blend_raw_highcal_50,2152,130.13217128057173,156.46031551320587,0.333461417167491,-2.868947294129749,0.44542463931107823,hour,14
pred_blend_iso_highcal_50,2152,129.8325915413782,156.51174906273437,0.3330231196992449,-0.5068531047630661,0.44524233251214507,hour,14
persistence,2143,196.48718743867667,239.7615240325161,-2.733561524219428,187.9585883719478,0.0,hour,15
pred_raw,2143,82.76222513894854,100.09057797412932,0.349345068939373,29.76259929141497,0.5825411171454049,hour,15
pred_isotonic,2143,81.75296169866603,99.33185099000204,0.35917213471594855,27.49270981465892,0.585705623991067,hour,15
pred_bin_bias,2143,80.90526051950765,98.81095457284022,0.36587551734408574,23.582507437398682,0.5878781844936904,hour,15
pred_high_residual_cal,2143,82.76222513894854,100.09057797412932,0.349345068939373,29.76259929141497,0.5825411171454049,hour,15
pred_high_residual_cal_full,2143,82.76222513894854,100.09057797412932,0.349345068939373,29.76259929141497,0.5825411171454049,hour,15
pred_blend_raw_highcal_50,2143,82.76222513894854,100.09057797412932,0.349345068939373,29.76259929141497,0.5825411171454049,hour,15
pred_blend_iso_highcal_50,2143,82.2278239581235,99.66419116003215,0.35487685345017417,28.627654553036944,0.5843194959566747,hour,15
persistence,2138,140.2317954162769,168.27402118776573,-8.21189035137864,138.90810617399436,0.0,hour,16
pred_raw,2138,27.22615676272912,36.51726283627547,0.5661785229862646,12.584736435446187,0.7829893017441576,hour,16
pred_isotonic,2138,25.01183031017734,34.94457338126125,0.6027406758370184,6.014087974885924,0.7923353044361557,hour,16
pred_bin_bias,2138,24.608099409498916,34.45026784620408,0.6138999840804829,4.0208454383968775,0.7952728079888022,hour,16
pred_high_residual_cal,2138,27.22615676272912,36.51726283627547,0.5661785229862646,12.584736435446187,0.7829893017441576,hour,16
pred_high_residual_cal_full,2138,27.22615676272912,36.51726283627547,0.5661785229862646,12.584736435446187,0.7829893017441576,hour,16
pred_blend_raw_highcal_50,2138,27.22615676272912,36.51726283627547,0.5661785229862646,12.584736435446187,0.7829893017441576,hour,16
pred_blend_iso_highcal_50,2138,25.94975758794691,35.55212610846727,0.5888069463995429,9.299412205166055,0.788724808158016,hour,16
persistence,394,104.90785152284262,123.31060027045227,-110.39030612164609,104.90785152284262,0.0,hour,17
pred_raw,394,20.941767552775303,23.8873218421647,-3.1800501832292136,19.626506272927177,0.8062833058165837,hour,17
pred_isotonic,394,15.241646278555558,18.171516116182218,-1.4189611918849567,13.035231273269847,0.8526362204358153,hour,17
pred_bin_bias,394,14.486072582083395,17.791736359922698,-1.3189065257649553,11.563908865054579,0.8557160834437527,hour,17
pred_high_residual_cal,394,20.941767552775303,23.8873218421647,-3.1800501832292136,19.626506272927177,0.8062833058165837,hour,17
pred_high_residual_cal_full,394,20.941767552775303,23.8873218421647,-3.1800501832292136,19.626506272927177,0.8062833058165837,hour,17
pred_blend_raw_highcal_50,394,20.941767552775303,23.8873218421647,-3.1800501832292136,19.626506272927177,0.8062833058165837,hour,17
pred_blend_iso_highcal_50,394,18.007701323571716,20.91955368937723,-2.205910569181507,16.330868773098512,0.8303507269975557,hour,17
persistence,2369,142.17990759814268,161.40375864697566,-1.4541746457015923,-135.1755806247362,0.0,solar_segment,low
pred_raw,2369,58.27841614243714,73.30566081173278,0.49376379350053234,24.860895183462382,0.5458243263586702,solar_segment,low
pred_isotonic,2369,57.29384786407554,72.56352929034583,0.5039619724169,21.283420884806343,0.5504223080141666,solar_segment,low
pred_bin_bias,2369,55.71914197446598,71.08701183552363,0.5239432856832278,17.63333837100002,0.5595702824306215,solar_segment,low
pred_high_residual_cal,2369,58.27841614243714,73.30566081173278,0.49376379350053234,24.860895183462382,0.5458243263586702,solar_segment,low
pred_high_residual_cal_full,2369,58.27841614243714,73.30566081173278,0.49376379350053234,24.860895183462382,0.5458243263586702,solar_segment,low
pred_blend_raw_highcal_50,2369,58.27841614243714,73.30566081173278,0.49376379350053234,24.860895183462382,0.5458243263586702,solar_segment,low
pred_blend_iso_highcal_50,2369,57.74303857772783,72.87415869342841,0.4997060108140612,23.07215803413436,0.5484977592571454,solar_segment,low
persistence,6146,166.69164885797008,197.41466490728243,0.1158730634666093,-19.551316420259656,0.0,solar_segment,medium
pred_raw,6146,63.8938108539409,89.43826353864739,0.8185309700262734,10.189261720898882,0.5469522814799352,solar_segment,medium
pred_isotonic,6146,62.62736059681952,89.6853785514663,0.817526798640032,9.73394264534882,0.5457005253708591,solar_segment,medium
pred_bin_bias,6146,61.87934361085122,89.46660036795133,0.8184159617214057,10.442787900277018,0.5468087418431142,solar_segment,medium
pred_high_residual_cal,6146,63.883381169646874,89.4314283587776,0.8185587059418601,10.193054348096348,0.5469869049455882,solar_segment,medium
pred_high_residual_cal_full,6146,63.881433250613476,89.43135331491926,0.8185590104444115,10.194318557162172,0.5469872850787376,solar_segment,medium
pred_blend_raw_highcal_50,6146,63.888162633240974,89.43360661973804,0.818549867185554,10.191158034497615,0.5469758710086643,solar_segment,medium
pred_blend_iso_highcal_50,6146,63.149325173652095,89.444185878147,0.8185069365367111,9.963498496722583,0.5469222819887507,solar_segment,medium
persistence,15201,188.70246293382954,248.75672352293083,0.1981530304340271,27.55938185645681,0.0,solar_segment,high
pred_raw,15201,137.83176217078113,172.57992901558217,0.6140576753267015,8.639221271153469,0.3062300927127566,solar_segment,high
pred_isotonic,15201,138.18609511005442,172.81455514602186,0.6130075681846969,8.417964462832858,0.305286897581719,solar_segment,high
pred_bin_bias,15201,135.27943433896635,174.39694964206564,0.6058880483043348,26.8102046939153,0.2989256846117391,solar_segment,high
pred_high_residual_cal,15201,139.98214079180516,178.26286541272387,0.5882215612567506,23.100782733246522,0.2833847347394761,solar_segment,high
pred_high_residual_cal_full,15201,141.49476265595794,181.4382571297111,0.5734209061988954,27.92130322061087,0.2706196859318827,solar_segment,high
pred_blend_raw_highcal_50,15201,138.46041799028947,174.67712587188728,0.6046207153736538,15.870002002199994,0.29779937845263815,solar_segment,high
pred_blend_iso_highcal_50,15201,138.61490103528683,174.74001404066954,0.6043359711060101,15.759373598039689,0.29754656852697414,solar_segment,high
persistence,2049,166.58082008645331,215.11032666200438,0.48498364851185005,-1.2400681795998043,0.0,month,1
pred_raw,2049,92.66480146893859,131.22836645917866,0.8083300878612373,4.505806306394553,0.3899485510736387,month,1
pred_isotonic,2049,92.3768273159172,131.07315914562494,0.8087832060511029,3.7983937970318102,0.39067007530709674,month,1
pred_bin_bias,2049,91.82839925034432,131.81561619959055,0.8066107956204565,12.76416665956131,0.38721855782075965,month,1
pred_high_residual_cal,2049,91.05113705872361,130.97641086110238,0.8090653853972829,9.316512352524626,0.3911198365343882,month,1
pred_high_residual_cal_full,2049,91.10277956099155,131.74725587464545,0.8068113290809265,10.920081034567982,0.3875363497464467,month,1
pred_blend_raw_highcal_50,2049,91.59310571690114,130.6198611391934,0.8101035115952191,6.91115932945959,0.3927773567819829,month,1
pred_blend_iso_highcal_50,2049,91.35255958464899,130.4383967976845,0.8106307745159002,6.557453074778217,0.3936209440905273,month,1
persistence,1870,171.74158572192516,224.2632258109867,0.5190410547665769,1.0296785561497326,0.0,month,2
pred_raw,1870,114.55968520881142,147.83088814786078,0.791011567246217,19.679559527201093,0.3408152958949434,month,2
pred_isotonic,1870,113.85641750142683,148.0583899781748,0.7903678339095694,19.40171766411068,0.3398008548090662,month,2
pred_bin_bias,1870,112.48347400554916,149.06167307255276,0.7875171612544609,31.46921711315326,0.335327169519158,month,2
pred_high_residual_cal,1870,117.59290858950995,153.6758481983917,0.7741588302275648,32.912568936932,0.3147523512039705,month,2
pred_high_residual_cal_full,1870,119.20497389073648,156.86853477532847,0.7646774439238592,37.32357207350897,0.3005160154632742,month,2
pred_blend_raw_highcal_50,1870,115.7831839986899,150.02615376572749,0.784758590341728,26.296064232066545,0.3310265059142048,month,2
pred_blend_iso_highcal_50,1870,115.3973025127542,150.0805430518702,0.7846024982421098,26.157143300521334,0.33078398159508815,month,2
persistence,2026,191.19761273445215,244.86636879030883,0.4472210836435089,1.2778817374136218,0.0,month,3
pred_raw,2026,120.4478764678955,157.0551389199119,0.7725963187695505,22.152860989267715,0.3586087803899033,month,3
pred_isotonic,2026,119.75026811265384,157.04558613911837,0.772623981302185,22.09848432492764,0.35864779261049007,month,3
pred_bin_bias,2026,118.14913601160369,158.90832579452922,0.7671981150353162,34.57714676523723,0.35104062440436534,month,3
pred_high_residual_cal,2026,122.08596573959095,162.30138492192634,0.7571502618156862,36.32449468307046,0.33718384552468683,month,3
pred_high_residual_cal_full,2026,123.48455962159947,165.4468276355279,0.7476460676512835,41.04837258100471,0.3243382974441533,month,3
pred_blend_raw_highcal_50,2026,120.6668153507277,158.86560737092557,0.7673232638312455,29.23867783616909,0.35121508047121797,month,3
pred_blend_iso_highcal_50,2026,120.30498882196599,158.84594303860126,0.7673808615651679,29.21148950399905,0.3512953868539257,month,3
persistence,1943,186.14667014925374,241.5914594593328,0.39075996459321893,-0.9272716932578494,0.0,month,4
pred_raw,1943,112.23756926573041,147.6296244258804,0.772504762325872,20.975834351654562,0.388928628701252,month,4
pred_isotonic,1943,111.67058674652115,147.48064261609804,0.7729636885178819,20.247306085337193,0.3895452970640979,month,4
pred_bin_bias,1943,110.32325525166779,150.07443079231365,0.764907545906096,33.08289564720036,0.378809039325433,month,4
pred_high_residual_cal,1943,113.61937998125515,153.35421139755286,0.7545196725344626,34.60754444268561,0.3652333085749373,month,4
pred_high_residual_cal_full,1943,115.02933746011713,156.47993314606342,0.7444107499447472,39.151447806362626,0.35229526119732824,month,4
pred_blend_raw_highcal_50,1943,112.55680922314265,149.78089994458801,0.7658262820509929,27.791689397170085,0.380024027836958,month,4
pred_blend_iso_highcal_50,1943,112.20156890236035,149.63911135332634,0.7662694286186837,27.4274252640114,0.3806109218918181,month,4
persistence,2009,174.99140149328025,215.05931303402636,0.4354450707861981,-1.866209357889496,0.0,month,5
pred_raw,2009,94.97980434801295,124.3895906027254,0.8111322649636772,-6.59843929471413,0.4216033295752011,month,5
pred_isotonic,2009,94.94167055216555,124.581576600046,0.8105488087024162,-7.972548423342224,0.4207106177246326,month,5
pred_bin_bias,2009,90.50870235013464,123.93682379733647,0.8125046854495206,4.764237590723209,0.4237086408914206,month,5
pred_high_residual_cal,2009,95.44926315440925,125.99749940867827,0.8062179493849828,-3.850552014184347,0.41412674656529225,month,5
pred_high_residual_cal_full,2009,95.87778143182753,127.20645273892022,0.802481408735403,-2.9345895873410877,0.40850525864558207,month,5
pred_blend_raw_highcal_50,2009,95.0765204869738,124.80933304209302,0.8098554771187134,-5.224495654449238,0.4196515775982885,month,5
pred_blend_iso_highcal_50,2009,95.03191443369994,124.82069793916017,0.8098208471553162,-5.911550218763283,0.41959873219063415,month,5
persistence,1875,159.25314623999998,200.68565646331,0.44392815182975176,-2.4574930133333326,0.0,month,6
pred_raw,1875,94.83232202315557,129.32844552943553,0.7690668086599893,9.639791076290056,0.3555670703696765,month,6
pred_isotonic,1875,95.54873806895779,130.5147310153237,0.7648108365259483,8.707199425575833,0.3496559080734063,month,6
pred_bin_bias,1875,91.63339469712014,130.2089968552085,0.7659114194365878,18.449464023352785,0.3511793560641753,month,6
pred_high_residual_cal,1875,96.7466437153552,133.83549198264257,0.7526904759854167,12.3259020687243,0.3331088312875474,month,6
pred_high_residual_cal_full,1875,97.54908672406692,135.8171305839088,0.7453126680687291,13.22127239953572,0.3232344903097779,month,6
pred_blend_raw_highcal_50,1875,95.69928351772496,131.30388792787176,0.7619580968993575,10.982846572507176,0.3457236045572736,month,6
pred_blend_iso_highcal_50,1875,95.99706764204632,131.81502803189306,0.7601011893994385,10.51655074715007,0.3431766357652376,month,6
persistence,2014,169.83361826270317,210.61652874643758,0.41560338732798185,-2.391237447326639,0.0,month,7
pred_raw,2014,99.22490942548563,130.0673819344574,0.777125908542319,-6.047321744000938,0.382444565445069,month,7
pred_isotonic,2014,99.38294397773724,130.46761938360646,0.7757521620802844,-6.549233339507929,0.38054425186791885,month,7
pred_bin_bias,2014,94.91634585525726,129.46328282070772,0.7791913822274047,3.4173168752780767,0.3853128071606893,month,7
pred_high_residual_cal,2014,99.9953811841576,133.08246586313706,0.7666732848026379,-0.20405268376976954,0.3681290511469981,month,7
pred_high_residual_cal_full,2014,100.52694141454597,134.7745597444305,0.7607022406092326,1.7437036696406196,0.36009504787401403,month,7
pred_blend_raw_highcal_50,2014,99.42016809694931,131.179465816857,0.7732984420800787,-3.1256872138853566,0.37716442960284136,month,7
pred_blend_iso_highcal_50,2014,99.46218673365574,131.28854830816744,0.7729212572461837,-3.3766430116388504,0.3766465097037732,month,7
persistence,1990,181.05443834170856,229.5960869163555,0.4322408746976326,0.3550351256281417,0.0,month,8
pred_raw,1990,112.51835547015293,147.7973113425801,0.7647290931196232,-3.701028199811556,0.356272516105972,month,8
pred_isotonic,1990,112.4704340692705,147.99719616693946,0.7640922901388328,-4.883826184427677,0.3554019227651012,month,8
pred_bin_bias,1990,108.37606267056658,147.27915007564934,0.7663758696613463,7.190985913936277,0.3585293545124537,month,8
pred_high_residual_cal,1990,110.94630873877058,149.17757862882925,0.7603142214493483,6.9433538443058636,0.35026079654756326,month,8
pred_high_residual_cal_full,1990,110.77285769867883,150.60047437497022,0.7557200407299736,10.491481192345004,0.3440634098009009,month,8
pred_blend_raw_highcal_50,1990,111.5567726724156,147.9389019946228,0.7642780955009577,1.6211628222471532,0.3556558215710416,month,8
pred_blend_iso_highcal_50,1990,111.48052924657571,147.93185415218298,0.7643005546546628,1.029763829939094,0.35568651827208075,month,8
persistence,1977,200.2209463328275,265.9796044282347,0.34378057958007024,1.245398836621143,0.0,month,9
pred_raw,1977,131.82735669806573,174.22770351856252,0.7184297075810187,24.419480380352574,0.34495840802119937,month,9
pred_isotonic,1977,131.6331757233774,174.57124462568262,0.7173182157252669,23.748050926238204,0.3436668010656262,month,9
pred_bin_bias,1977,130.05955313304537,176.55594349899891,0.7108540647805975,36.48784722197027,0.3362049549681304,month,9
pred_high_residual_cal,1977,132.16186707717276,178.51345057975524,0.7044068967677354,39.860521800853775,0.3288453414933894,month,9
pred_high_residual_cal_full,1977,133.0700888696153,181.16180434236804,0.6955712374042493,45.00753560768751,0.3188883608884071,month,9
pred_blend_raw_highcal_50,1977,131.54841305600658,175.66678505613493,0.7137590835388474,32.14000109060318,0.33954791220267244,month,9
pred_blend_iso_highcal_50,1977,131.44147335300903,175.7901245063606,0.7133569905491213,31.80428636354599,0.33908419450337435,month,9
persistence,1880,194.03504303191488,252.13885177699532,0.3601048206534394,-3.990650053191488,0.0,month,10
pred_raw,1880,126.90937933924461,171.07650235933033,0.7054154118236562,27.641402825459792,0.32149884417400587,month,10
pred_isotonic,1880,126.63393445923349,170.8960130555144,0.7060366697883946,27.237940752658673,0.3222146771467663,month,10
pred_bin_bias,1880,125.5886717177356,174.35621980932666,0.6940121472040279,39.812366984617476,0.30849125955591983,month,10
pred_high_residual_cal,1880,128.6847919713845,176.80727301835788,0.685348686770942,41.18961657236621,0.2987702142201576,month,10
pred_high_residual_cal_full,1880,129.89019884123962,179.81157015887698,0.6745647714687311,45.705687821335026,0.28685496546200007,month,10
pred_blend_raw_highcal_50,1880,127.36092672272561,173.30649823258685,0.6976854907074086,34.415509698913006,0.31265452741147526,month,10
pred_blend_iso_highcal_50,1880,127.1739526483546,173.17986591759492,0.6981271221551004,34.213778662512446,0.3131567598683118,month,10
persistence,2014,176.06421638530287,221.09199236855403,0.4634155939247332,-0.6128847070506452,0.0,month,11
pred_raw,2014,112.88191534147309,147.5851526654805,0.7609012209913504,14.339909647740118,0.332471741357958,month,11
pred_isotonic,2014,112.60564919516867,147.82796189160328,0.7601138362818247,14.034693648757338,0.33137351421946437,month,11
pred_bin_bias,2014,111.86321744458532,150.1569523498111,0.7524956075496093,26.3509941594509,0.3208394807013013,month,11
pred_high_residual_cal,2014,116.63750327223306,154.63635650269148,0.7375085043587251,23.531061689967565,0.3005791171083343,month,11
pred_high_residual_cal_full,2014,118.32273290935782,157.92242084153727,0.7262339396811113,26.594779037376714,0.28571623445192396,month,11
pred_blend_raw_highcal_50,2014,114.46360804056327,150.561350129472,0.7511606709375782,18.935485668853836,0.31901038786384206,month,11
pred_blend_iso_highcal_50,2014,114.272274201335,150.6473676212569,0.7508762599747675,18.782877669362453,0.31862133039114304,month,11
persistence,2069,169.42018704688255,217.22284764479411,0.48291872303028516,-1.3987489608506523,0.0,month,12
pred_raw,2069,116.38460183929693,151.15886151675807,0.7496111233073144,3.2744466663077687,0.3041300067848517,month,12
pred_isotonic,2069,116.21973261871517,151.20604552648686,0.7494547818928422,3.000130542955528,0.30391279202019705,month,12
pred_bin_bias,2069,114.77119909927126,151.77519456681156,0.7475650962913671,13.896004285716085,0.30129267610469546,month,12
pred_high_residual_cal,2069,121.09013023297163,157.30583699615997,0.7288325962865555,9.091899377152766,0.2758319914239007,month,12
pred_high_residual_cal_full,2069,122.8983836775077,160.01477565446027,0.7194127186309249,11.031050280767769,0.26336120997677603,month,12
pred_blend_raw_highcal_50,2069,118.59971458653018,153.84752563145432,0.7406245671618349,6.183173021730271,0.29175256056385024,month,12
pred_blend_iso_highcal_50,2069,118.46607843364438,153.8336167401111,0.7406714637449342,6.046014960054152,0.2918165910813304,month,12
persistence,578,174.1694776816609,227.7284183448202,0.4232406830727239,-75.11629775086503,0.0,has_clp,False
pred_raw,578,145.4839263123877,180.22699057086876,0.6387566833315758,9.246664691577033,0.20858805466266428,has_clp,False
pred_isotonic,578,146.4351199427012,181.03228613196754,0.6355212349726107,5.576304951369437,0.20505184443931213,has_clp,False
pred_bin_bias,578,142.82249346836684,181.76727293935895,0.6325556767595136,26.08480355496816,0.20182437369704176,has_clp,False
pred_high_residual_cal,578,154.60737940949952,193.6684518155983,0.5828637613053528,21.904590216695038,0.14956397087714024,has_clp,False
pred_high_residual_cal_full,578,158.51966375107435,199.54556268717226,0.557162583213977,26.123898725067704,0.12375642821606136,has_clp,False
pred_blend_raw_highcal_50,578,149.33769058582078,186.1102396650492,0.6147872121149464,15.575627454136033,0.1827535578662558,has_clp,False
pred_blend_iso_highcal_50,578,149.7812093135135,186.3955060515886,0.613605412794192,13.740447584032236,0.18150089740072062,has_clp,False
persistence,23138,178.45566842156742,228.8604794665762,0.43483287398422377,0.9488306025189791,0.0,has_clp,True
pred_raw,23138,109.855814534499,146.3922035906122,0.7687556226948663,10.696641610222978,0.3603430180177003,has_clp,True
pred_isotonic,23138,109.62763489753236,146.55143757909477,0.7682522900086269,10.155744191894321,0.3596472491857303,has_clp,True
pred_bin_bias,23138,107.44836949311579,147.6465111230302,0.764775982290619,21.541172881555728,0.3548623533990579,has_clp,True
pred_high_residual_cal,23138,111.03787213188792,150.38180841192985,0.7559797365352083,19.882276683198768,0.3429105419929338,has_clp,True
pred_high_residual_cal_full,23138,111.93337272386547,152.6674256878389,0.7485057555911507,22.944155040857368,0.33292359587958,has_clp,True
pred_blend_raw_highcal_50,23138,110.17105385500557,147.83459223699506,0.7641763152411338,15.289459146710879,0.35404053779156097,has_clp,True
pred_blend_iso_highcal_50,23138,110.01039772504484,147.85429671392345,0.7641134464366982,15.019010437546546,0.35395443958459094,has_clp,True
