model,n_rows,mae,rmse,r2,mbe,skill_vs_persistence,experiment,split,n_train,n_valid,n_test
all_daylight_train_persistence,66247,164.71950768147175,213.51127925336246,0.5530429582310319,2.3148164300972485,0.0,all_daylight,train,66247,25976,25336
all_daylight_train_lgbm_direct,66247,74.98257420628711,110.40009626675067,0.88050133793276,0.03684394578864788,0.4829308472469749,all_daylight,train,66247,25976,25336
all_daylight_train_lgbm_residual,66247,75.28755663914512,111.3069722638691,0.8785300430905126,0.5520687643150443,0.4786834088901363,all_daylight,train,66247,25976,25336
all_daylight_train_blend_30persistence_70residual,66247,90.60796169930995,127.57050232418118,0.840439764028177,1.0808930640496819,0.4025116482356885,all_daylight,train,66247,25976,25336
all_daylight_train_blend_50persistence_50residual,66247,108.1096961656134,147.50178871626832,0.7866863177982824,1.433442597206146,0.3091616085479222,all_daylight,train,66247,25976,25336
all_daylight_train_blend_70persistence_30residual,66247,129.21879669230225,171.9109152462023,0.7102449300843847,1.785992130362564,0.1948391867288436,all_daylight,train,66247,25976,25336
all_daylight_valid_persistence,25976,167.1933507352941,220.25950307501043,0.5280736943079425,4.8372075415768405,0.0,all_daylight,valid,66247,25976,25336
all_daylight_valid_lgbm_direct,25976,84.22341119863839,128.48901012262553,0.839403216584373,0.5969981700554818,0.4166471442602502,all_daylight,valid,66247,25976,25336
all_daylight_valid_lgbm_residual,25976,84.14150207439296,128.45761893903102,0.8394816778828856,2.422940535454862,0.41678966334867207,all_daylight,valid,66247,25976,25336
all_daylight_valid_blend_30persistence_70residual,25976,97.81370370749521,140.93230849629649,0.8067915984498599,3.147220637291431,0.36015333491285817,all_daylight,valid,66247,25976,25336
all_daylight_valid_blend_50persistence_50residual,25976,113.79135919048028,158.3517958898773,0.7560780618566727,3.6300740385158514,0.2810671336348659,all_daylight,valid,66247,25976,25336
all_daylight_valid_blend_70persistence_30residual,25976,133.37925332916174,180.74034168010573,0.6822284050198828,4.112927439740223,0.17942091416344597,all_daylight,valid,66247,25976,25336
all_daylight_test_persistence,25336,167.50815615875538,220.18781700495907,0.5212516539209822,2.3526225205669453,0.0,all_daylight,test,66247,25976,25336
all_daylight_test_lgbm_direct,25336,95.56136672948506,136.89871925447807,0.8149370480433789,2.4315836002052453,0.3782638789166304,all_daylight,test,66247,25976,25336
all_daylight_test_lgbm_residual,25336,96.0259675429583,135.45553831820925,0.8188183342355728,-1.139942857803657,0.3848181967526454,all_daylight,test,66247,25976,25336
all_daylight_test_blend_30persistence_70residual,25336,102.14458679433292,142.89978507501107,0.7983566675042538,-0.09217324429250001,0.35100957437716607,all_daylight,test,66247,25976,25336
all_daylight_test_blend_50persistence_50residual,25336,114.81423031527048,158.49279968725722,0.7519496814152515,0.6063398313816445,0.28019269256987256,all_daylight,test,66247,25976,25336
all_daylight_test_blend_70persistence_30residual,25336,133.10910822553353,180.20581936501867,0.6793299953784178,1.3048529070557415,0.18158133444340352,all_daylight,test,66247,25976,25336
clp_required_train_persistence,52956,174.58184076102293,222.3789674715601,0.4856757162979579,10.380304653417191,0.0,clp_required,train,52956,22606,21996
clp_required_train_lgbm_direct,52956,78.28040819924806,111.97960815877741,0.8695850143246228,0.0361643337992549,0.4964469462558395,clp_required,train,52956,22606,21996
clp_required_train_lgbm_residual,52956,77.65977367655277,111.41784484821821,0.8708902267511001,0.34460399122049257,0.49897309932214085,clp_required,train,52956,22606,21996
clp_required_train_blend_30persistence_70residual,52956,94.62524819972211,129.39525120472356,0.8258649130226778,3.355314189879476,0.41813179242649445,clp_required,train,52956,22606,21996
clp_required_train_blend_50persistence_50residual,52956,113.7394129620922,151.19176381024926,0.7622580184382438,5.3624543223188414,0.3201166210577667,clp_required,train,52956,22606,21996
clp_required_train_blend_70persistence_30residual,52956,136.52632320065922,177.64717460058782,0.6717791088414211,7.369594454758157,0.20115118520231912,clp_required,train,52956,22606,21996
clp_required_valid_persistence,22606,178.0571179907989,230.56232968081744,0.4567069044894383,14.202760758205788,0.0,clp_required,valid,52956,22606,21996
clp_required_valid_lgbm_direct,22606,91.80464623123203,135.0855372975476,0.8135015651980515,-2.043965679327783,0.41410404082681085,clp_required,valid,52956,22606,21996
clp_required_valid_lgbm_residual,22606,91.09188278074787,134.73353580136484,0.8144722419713182,-1.075102118733871,0.41563074944686185,clp_required,valid,52956,22606,21996
clp_required_valid_blend_30persistence_70residual,22606,105.00566207874759,147.29171812892216,0.7782752680119834,3.5082567443479995,0.3611631252476164,clp_required,valid,52956,22606,21996
clp_required_valid_blend_50persistence_50residual,22606,121.70994977645852,165.43972282418707,0.7202712723794606,6.563829319735956,0.28245120070908314,clp_required,valid,52956,22606,21996
clp_required_valid_blend_70persistence_30residual,22606,142.29141883953466,188.93701360160526,0.6351691330192315,9.619401895123861,0.18053823509172917,clp_required,valid,52956,22606,21996
clp_required_test_persistence,21996,178.73611913703525,230.50231677553677,0.44520417763002984,10.672517479591022,0.0,clp_required,test,52956,22606,21996
clp_required_test_lgbm_direct,21996,101.95097668179375,141.31222048796212,0.7914827283158675,-0.050028797728358686,0.38693796025672056,clp_required,test,52956,22606,21996
clp_required_test_lgbm_residual,21996,101.74078623516273,141.13827481935857,0.791995753343055,-1.836937788468088,0.38769259765489006,clp_required,test,52956,22606,21996
clp_required_test_blend_30persistence_70residual,21996,109.13342460813688,148.9961166346459,0.7681898269816225,1.915898791949619,0.35360252027428274,clp_required,test,52956,22606,21996
clp_required_test_blend_50persistence_50residual,21996,122.92231650168387,165.46470420475396,0.7141137111442508,4.417789845561467,0.28215600381195505,clp_required,test,52956,22606,21996
clp_required_test_blend_70persistence_30residual,21996,142.32287365682365,188.37294110398932,0.6294731966964124,6.919680899173264,0.18277202702727302,clp_required,test,52956,22606,21996
high_sun_train_persistence,49913,184.2599167012827,232.50228051559645,0.32713807991343025,2.7586554293742003,0.0,high_sun,train,49913,19445,19245
high_sun_train_lgbm_direct,49913,92.35626733107065,126.8864426525977,0.799598042165228,0.0004498067244329218,0.45425721256920726,high_sun,train,49913,19445,19245
high_sun_train_lgbm_residual,49913,92.75994624698916,127.64770693280174,0.7971861769911148,0.03420245202579748,0.45098298971635664,high_sun,train,49913,19445,19245
high_sun_train_blend_30persistence_70residual,49913,107.07320428808217,143.66162516419024,0.743106529096281,0.8515383452302887,0.3821065976402185,high_sun,train,49913,19445,19245
high_sun_train_blend_50persistence_50residual,49913,124.81180554387232,163.89324855481382,0.6656559156290244,1.3964289406999988,0.29508971614659185,high_sun,train,49913,19445,19245
high_sun_train_blend_70persistence_30residual,49913,146.72634493707537,189.06086821105143,0.5550872902652072,1.941319536169649,0.18684295142486118,high_sun,train,49913,19445,19245
high_sun_valid_persistence,19445,188.49069268192338,240.43582328614605,0.27293367717712225,6.56567111339676,0.0,high_sun,valid,49913,19445,19245
high_sun_valid_lgbm_direct,19445,103.09693770503254,145.2637545413471,0.7346065448018795,0.3837234494682489,0.3958314840277911,high_sun,valid,49913,19445,19245
high_sun_valid_lgbm_residual,19445,102.34146569162164,145.20139699306117,0.7348343474383136,2.5975547658053513,0.396090836180202,high_sun,valid,49913,19445,19245
high_sun_valid_blend_30persistence_70residual,19445,115.40714232615466,157.57948796950248,0.6876977962969922,3.7879896700827427,0.3446089446414775,high_sun,valid,49913,19445,19245
high_sun_valid_blend_50persistence_50residual,19445,131.77190748030287,175.47573584197968,0.6127335955660942,4.581612939601055,0.2701764094731277,high_sun,valid,49913,19445,19245
high_sun_valid_blend_70persistence_30residual,19445,152.2920437952375,198.80058048444096,0.5029375281925157,5.375236209119307,0.1731657214497292,high_sun,valid,49913,19445,19245
high_sun_test_persistence,19245,187.80734593970672,240.00676665126048,0.2725075621583465,3.291040756171095,0.0,high_sun,test,49913,19445,19245
high_sun_test_lgbm_direct,19245,115.63832840524984,152.02836194051127,0.7081022528548417,2.110534745121233,0.3665663511836955,high_sun,test,49913,19445,19245
high_sun_test_lgbm_residual,19245,116.31180500142132,152.17576183270444,0.7075359564900646,-2.343862039643839,0.3659522022817716,high_sun,test,49913,19445,19245
high_sun_test_blend_30persistence_70residual,19245,120.2371423598406,158.59714422120203,0.6823329011885603,-0.6533912008993891,0.3391971966705002,high_sun,test,49913,19445,19245
high_sun_test_blend_50persistence_50residual,19245,132.34741985354023,174.51072563130393,0.6153854057504091,0.4735893582636276,0.2728924768822245,high_sun,test,49913,19445,19245
high_sun_test_blend_70persistence_30residual,19245,151.03196680104355,197.31033519492132,0.508321543455873,1.600569917426584,0.17789678204522785,high_sun,test,49913,19445,19245
midday_08_15_train_persistence,42743,184.62432236798543,236.48899452898718,0.25859121133873575,10.115931199158638,0.0,midday_08_15,train,42743,16851,16622
midday_08_15_train_lgbm_direct,42743,98.010228374937,132.64480407633783,0.7667528502581066,-0.0333326127107848,0.4391079198398843,midday_08_15,train,42743,16851,16622
midday_08_15_train_lgbm_residual,42743,97.95630129111119,133.03090849571194,0.7653929956198506,-0.02176831255393035,0.43747526703867,midday_08_15,train,42743,16851,16622
midday_08_15_train_blend_30persistence_70residual,42743,111.22840524782492,149.09304586407487,0.7053200180748522,3.019541540959808,0.36955609219354146,midday_08_15,train,42743,16851,16622
midday_08_15_train_blend_50persistence_50residual,42743,127.89838621791071,168.97717279185696,0.6214772912642171,5.047081443302354,0.28547553289569716,midday_08_15,train,42743,16851,16622
midday_08_15_train_blend_70persistence_30residual,42743,148.73161976906107,193.70251700037835,0.5025993043624064,7.074621345644835,0.18092375763120072,midday_08_15,train,42743,16851,16622
midday_08_15_valid_persistence,16851,187.64493206337903,244.02762431499744,0.2046453201188576,15.620612177318852,0.0,midday_08_15,valid,42743,16851,16622
midday_08_15_valid_lgbm_direct,16851,110.63759852598328,153.3899047104754,0.6857491853372966,3.531085131261928,0.37142401340400877,midday_08_15,valid,42743,16851,16622
midday_08_15_valid_lgbm_residual,16851,109.78673755290079,152.8306515598342,0.6880364985434169,2.5213515325750193,0.373715775052761,midday_08_15,valid,42743,16851,16622
midday_08_15_valid_blend_30persistence_70residual,16851,120.24915226126227,164.15905214016647,0.6400745730144753,6.451129725998137,0.3272931595307196,midday_08_15,valid,42743,16851,16622
midday_08_15_valid_blend_50persistence_50residual,16851,134.749770828476,181.11465033455727,0.5618830855197399,9.070981854946938,0.2578108693925176,midday_08_15,valid,42743,16851,16622
midday_08_15_valid_blend_70persistence_30residual,16851,153.60258966794675,203.53157924166246,0.44671810164465164,11.69083398389567,0.16594861006826667,midday_08_15,valid,42743,16851,16622
midday_08_15_test_persistence,16622,188.66416986715663,244.62623034971682,0.18763525165954253,11.078344629424286,0.0,midday_08_15,test,42743,16851,16622
midday_08_15_test_lgbm_direct,16622,124.34817407033074,160.20640541557614,0.6515786366004961,2.054429697674288,0.3450971909817454,midday_08_15,test,42743,16851,16622
midday_08_15_test_lgbm_residual,16622,124.20153242071007,159.78149357260105,0.6534244058829315,-4.996186359853497,0.3468341749608046,midday_08_15,test,42743,16851,16622
midday_08_15_test_blend_30persistence_70residual,16622,126.39117507873294,165.44246390215258,0.6284314033986178,-0.17382706307019513,0.3236928694619682,midday_08_15,test,42743,16851,16622
midday_08_15_test_blend_50persistence_50residual,16622,136.69020152695688,180.62000620319373,0.5571295237506453,3.0410791347853956,0.2616490637779114,midday_08_15,test,42743,16851,16622
midday_08_15_test_blend_70persistence_30residual,16622,153.76041403693642,202.72137434603113,0.44211574170926216,6.255985332640917,0.17130156461054347,midday_08_15,test,42743,16851,16622
clp_high_sun_train_persistence,44888,183.69502205575694,231.76244418687477,0.32677967368725624,5.054063314232309,0.0,clp_high_sun,train,44888,18999,18737
clp_high_sun_train_lgbm_direct,44888,89.71514576700245,123.44799415640558,0.8089974476415513,0.03762958473142671,0.46735117249252445,clp_high_sun,train,44888,18999,18737
clp_high_sun_train_lgbm_residual,44888,90.03335162437587,124.05843620469858,0.8071037875661228,0.048179845641592146,0.46471725977886336,clp_high_sun,train,44888,18999,18737
clp_high_sun_train_blend_30persistence_70residual,44888,104.99794561751787,140.73448533970088,0.7517597763383161,1.5499448862187772,0.3927640613497163,clp_high_sun,train,44888,18999,18737
clp_high_sun_train_blend_50persistence_50residual,44888,123.2498980105343,161.6231517107588,0.6726003293598481,2.5511215799369507,0.30263441828202864,clp_high_sun,train,44888,18999,18737
clp_high_sun_train_blend_70persistence_30residual,44888,145.63347730932594,187.44473676419423,0.5596301307867696,3.5522982736550643,0.1912204006053123,clp_high_sun,train,44888,18999,18737
clp_high_sun_valid_persistence,18999,188.50281331649035,240.55163706798325,0.2742783133419726,9.092814137586188,0.0,clp_high_sun,valid,44888,18999,18737
clp_high_sun_valid_lgbm_direct,18999,102.87756983067025,144.63008468581856,0.7376562340343551,-0.7557555576468924,0.3987565977572455,clp_high_sun,valid,44888,18999,18737
clp_high_sun_valid_lgbm_residual,18999,102.80654027963017,144.6851030069917,0.7374566011716752,-0.6729388454779294,0.3985278804562794,clp_high_sun,valid,44888,18999,18737
clp_high_sun_valid_blend_30persistence_70residual,18999,115.3083793865044,157.3398185103245,0.6895220534781161,2.256787049441276,0.34592081588761714,clp_high_sun,valid,44888,18999,18737
clp_high_sun_valid_blend_50persistence_50residual,18999,131.57702221180182,175.3845135266808,0.6142233366084333,4.209937646054129,0.2709070049807448,clp_high_sun,valid,44888,18999,18737
clp_high_sun_valid_blend_70persistence_30residual,18999,152.17475494269345,198.81736069679386,0.5042507383462352,6.163088242666923,0.17349404427206083,clp_high_sun,valid,44888,18999,18737
clp_high_sun_test_persistence,18737,187.87410068899266,240.0111901289311,0.27344575403783666,5.465940083925533,0.0,clp_high_sun,test,44888,18999,18737
clp_high_sun_test_lgbm_direct,18737,113.76883264129556,150.02814869655813,0.7161096928541879,0.8354018707781469,0.37491185883472833,clp_high_sun,test,44888,18999,18737
clp_high_sun_test_lgbm_residual,18737,113.687811457229,150.23321889374338,0.7153330755347649,-3.693602923106798,0.37405743951754955,clp_high_sun,test,44888,18999,18737
clp_high_sun_test_blend_30persistence_70residual,18737,118.97024981627824,158.16209698828288,0.6844923505969206,-0.9457400209971283,0.3410219877526539,clp_high_sun,test,44888,18999,18737
clp_high_sun_test_blend_50persistence_50residual,18737,131.8854573113769,174.60256868785845,0.615491166585389,0.8861685804093675,0.27252321612978103,clp_high_sun,test,44888,18999,18737
clp_high_sun_test_blend_70persistence_30residual,18737,151.03780376155456,197.55857221316214,0.5077374219981494,2.718077181815804,0.17687766096640722,clp_high_sun,test,44888,18999,18737
very_high_sun_train_persistence,36703,182.7794261475986,235.7217341944016,0.19387918347368205,16.377636481814744,0.0,very_high_sun,train,36703,14398,14289
very_high_sun_train_lgbm_direct,36703,100.77668600810507,135.40333723192367,0.7340134859152718,0.06730708230024737,0.42557975107948487,very_high_sun,train,36703,14398,14289
very_high_sun_train_lgbm_residual,36703,103.24212782871389,139.14114768504328,0.7191256738019187,0.03588933020089987,0.4097228744707415,very_high_sun,train,36703,14398,14289
very_high_sun_train_blend_30persistence_70residual,36703,114.93817867951253,154.25813027898099,0.6547791581647036,4.938413475685018,0.3455922475448824,very_high_sun,train,36703,14398,14289
very_high_sun_train_blend_50persistence_50residual,36703,130.13130195067532,172.66285121592253,0.5674874660916764,8.206762906007823,0.2675140805067805,very_high_sun,train,36703,14398,14289
very_high_sun_train_blend_70persistence_30residual,36703,149.35023092482487,195.6460108312181,0.4446805620334089,11.475112336330557,0.17001284798852168,very_high_sun,train,36703,14398,14289
very_high_sun_valid_persistence,14398,184.57434456174465,239.91847696159334,0.14317210952943293,21.08902521183498,0.0,very_high_sun,valid,36703,14398,14289
very_high_sun_valid_lgbm_direct,14398,114.24178273334658,157.5654303669327,0.6304373410503921,5.923849721258498,0.34325429053071177,very_high_sun,valid,36703,14398,14289
very_high_sun_valid_lgbm_residual,14398,114.13752859493273,157.34694182397797,0.6314615406341897,4.515343068927155,0.3441649687982705,very_high_sun,valid,36703,14398,14289
very_high_sun_valid_blend_30persistence_70residual,14398,122.73781659891952,167.3625710689549,0.5830510532644277,9.487447711799467,0.3024190000349716,very_high_sun,valid,36703,14398,14289
very_high_sun_valid_blend_50persistence_50residual,14398,135.80585673285938,182.52618349985508,0.5040743750361746,12.802184140381067,0.23921581275678794,very_high_sun,valid,36703,14398,14289
very_high_sun_valid_blend_70persistence_30residual,14398,153.01470902444882,202.80866941355316,0.3877352808225252,16.116920568962595,0.1546767386072595,very_high_sun,valid,36703,14398,14289
very_high_sun_test_persistence,14289,186.8716176309449,243.8768996033667,0.11296032664416378,17.152129027323717,0.0,very_high_sun,test,36703,14398,14289
very_high_sun_test_lgbm_direct,14289,128.927556582063,164.50484868245323,0.596392600263641,4.261542362971458,0.3254594881680124,very_high_sun,test,36703,14398,14289
very_high_sun_test_lgbm_residual,14289,129.85505389350888,164.66197850815925,0.5956212060016614,-5.100416117670084,0.324815188416943,very_high_sun,test,36703,14398,14289
very_high_sun_test_blend_30persistence_70residual,14289,129.61349110494749,169.62862140776315,0.5708590295510789,1.57534742582802,0.3044498200377259,very_high_sun,test,36703,14398,14289
very_high_sun_test_blend_50persistence_50residual,14289,138.44219815520825,183.61185592158637,0.4971908703189446,6.025856454826816,0.24711255465275062,very_high_sun,test,36703,14398,14289
very_high_sun_test_blend_70persistence_30residual,14289,154.015437195804,204.25185237414587,0.37779467780807996,10.476365483825541,0.1624797071541655,very_high_sun,test,36703,14398,14289
clp_very_high_sun_train_persistence,32798,181.91499282903496,234.79161341038355,0.19776335520499022,19.670430967762318,0.0,clp_very_high_sun,train,32798,13977,13828
clp_very_high_sun_train_lgbm_direct,32798,96.68884054766686,130.25327245054797,0.7531036770281223,0.0042449815847498806,0.4452388202517136,clp_very_high_sun,train,32798,13977,13828
clp_very_high_sun_train_lgbm_residual,32798,94.68807611711448,127.96689757391518,0.761695294601945,0.004944234795325844,0.45497671013382157,clp_very_high_sun,train,32798,13977,13828
clp_very_high_sun_train_blend_30persistence_70residual,32798,108.35256229987492,145.30736802161422,0.6927353431342351,5.904590254685388,0.3811219834005022,clp_very_high_sun,train,32798,13977,13828
clp_very_high_sun_train_blend_50persistence_50residual,32798,125.32619988418236,165.99030337355245,0.5990384086551066,9.837687601278823,0.293031378069607,clp_very_high_sun,train,32798,13977,13828
clp_very_high_sun_train_blend_70persistence_30residual,32798,146.23619019888224,191.35010097366572,0.46716256737545336,13.770784947872185,0.18502156787341473,clp_very_high_sun,train,32798,13977,13828
clp_very_high_sun_valid_persistence,13977,184.45381820133076,239.98583388902026,0.14771680011405142,24.788137726264576,0.0,clp_very_high_sun,valid,32798,13977,13828
clp_very_high_sun_valid_lgbm_direct,13977,114.02928723359426,157.32910321203389,0.6337051193163354,4.9222399760517765,0.34442337423637426,clp_very_high_sun,valid,32798,13977,13828
clp_very_high_sun_valid_lgbm_residual,13977,112.92666192780686,156.2396867996215,0.6387603323100457,5.095461578506718,0.34896287723435615,clp_very_high_sun,valid,32798,13977,13828
clp_very_high_sun_valid_blend_30persistence_70residual,13977,121.20838482133206,165.78520573991702,0.5932718232651031,11.00326442283404,0.3091875338917579,clp_very_high_sun,valid,32798,13977,13828
clp_very_high_sun_valid_blend_50persistence_50residual,13977,134.40924906074468,181.1368969722156,0.5144582693237814,14.941799652385647,0.24521837794817058,clp_very_high_sun,valid,32798,13977,13828
clp_very_high_sun_valid_blend_70persistence_30residual,13977,152.00834452034283,201.88531084923554,0.3968544103867052,18.880334881937188,0.15876155030635697,clp_very_high_sun,valid,32798,13977,13828
clp_very_high_sun_test_persistence,13828,186.8947919676433,243.92437799618983,0.11760064688312466,20.368589287780487,0.0,clp_very_high_sun,test,32798,13977,13828
clp_very_high_sun_test_lgbm_direct,13828,124.38735114355252,160.86391415287474,0.6162291074615309,0.05901381947465279,0.34051727230237117,clp_very_high_sun,test,32798,13977,13828
clp_very_high_sun_test_lgbm_residual,13828,126.07519293526751,162.63942884859824,0.6077107117113596,-0.27020756924366784,0.3332383167903836,clp_very_high_sun,test,32798,13977,13828
clp_very_high_sun_test_blend_30persistence_70residual,13828,127.22755501990454,167.766607251604,0.5825871521880579,5.921431487863543,0.31221877604121817,clp_very_high_sun,test,32798,13977,13828
clp_very_high_sun_test_blend_50persistence_50residual,13828,136.8829171588742,182.1795402431016,0.5077859887319669,10.049190859268409,0.25313106570288235,clp_very_high_sun,test,32798,13977,13828
clp_very_high_sun_test_blend_70persistence_30residual,13828,153.18095704678402,203.38299303178198,0.386543126256764,14.176950230673205,0.1662047282746012,clp_very_high_sun,test,32798,13977,13828
seg_solar_low_sun_train_persistence,11661,100.46496322847707,130.87142131117685,-0.19920725575518738,-44.908323304087105,0.0,seg_solar_low_sun,train,11661,4506,4350
seg_solar_low_sun_train_lgbm_direct,11661,18.260631573147446,32.5969571943206,0.9256024328933491,0.012445930387776452,0.7509237932335597,seg_solar_low_sun,train,11661,4506,4350
seg_solar_low_sun_train_lgbm_residual,11661,18.446177384245647,32.76667425440984,0.9248257096847,0.22981070758686276,0.7496269703031684,seg_solar_low_sun,train,11661,4506,4350
seg_solar_low_sun_train_blend_30persistence_70residual,11661,35.59626484526118,52.070143830384445,0.8101624308851324,-13.311629495915332,0.6021274674890577,seg_solar_low_sun,train,11661,4506,4350
seg_solar_low_sun_train_blend_50persistence_50residual,11661,52.40714556932567,72.915116702683,0.6277456684318976,-22.33925629825012,0.44284920288814955,seg_solar_low_sun,train,11661,4506,4350
seg_solar_low_sun_train_blend_70persistence_30residual,11661,71.15125237272153,95.56552447531537,0.3605492447091775,-31.366883100584914,0.2697754519828558,seg_solar_low_sun,train,11661,4506,4350
seg_solar_low_sun_valid_persistence,4506,97.2520356635597,125.77742344820957,-0.10713165724818641,-53.07259403018198,0.0,seg_solar_low_sun,valid,11661,4506,4350
seg_solar_low_sun_valid_lgbm_direct,4506,23.068235186455325,42.75945737316841,0.8720447081331903,-3.751740871511157,0.6600386921522912,seg_solar_low_sun,valid,11661,4506,4350
seg_solar_low_sun_valid_lgbm_residual,4506,22.973505618230515,42.85283254954203,0.8714852579377443,-4.273956827909334,0.6592963079166014,seg_solar_low_sun,valid,11661,4506,4350
seg_solar_low_sun_valid_blend_30persistence_70residual,4506,38.57475244838829,57.98987325473509,0.764658671729531,-18.913547988591134,0.5389484721110291,seg_solar_low_sun,valid,11661,4506,4350
seg_solar_low_sun_valid_blend_50persistence_50residual,4506,53.52093874662147,75.17470412556246,0.6045083340918813,-28.673275429045656,0.4023195732220053,seg_solar_low_sun,valid,11661,4506,4350
seg_solar_low_sun_valid_blend_70persistence_30residual,4506,70.38657745030442,94.63753693329456,0.3732119056551587,-38.433002869500186,0.24757930049137367,seg_solar_low_sun,valid,11661,4506,4350
seg_solar_low_sun_test_persistence,4350,95.76218457471265,124.3490034172096,-0.13034652359549947,-49.63518227586207,0.0,seg_solar_low_sun,test,11661,4506,4350
seg_solar_low_sun_test_lgbm_direct,4350,28.137223363874142,50.523904167751816,0.813396068136547,3.1557928206615395,0.5936927295007222,seg_solar_low_sun,test,11661,4506,4350
seg_solar_low_sun_test_lgbm_residual,4350,28.457842639338473,49.82350332078758,0.8185338990128078,7.1270938934507315,0.599325270395435,seg_solar_low_sun,test,11661,4506,4350
seg_solar_low_sun_test_blend_30persistence_70residual,4350,36.69232447778683,56.36654099563937,0.7677424961823163,-9.901588957343114,0.5467069341398648,seg_solar_low_sun,test,11661,4506,4350
seg_solar_low_sun_test_blend_50persistence_50residual,4350,49.38046627693305,71.85999190416216,0.6225135971753216,-21.254044191205672,0.4221104316931188,seg_solar_low_sun,test,11661,4506,4350
seg_solar_low_sun_test_blend_70persistence_30residual,4350,66.4645988792127,91.48390137555222,0.38819032713899326,-32.606499425068236,0.2642972692864294,seg_solar_low_sun,test,11661,4506,4350
seg_solar_medium_sun_train_persistence,16014,167.94086699414538,197.71337182715396,0.1335753756832061,-14.942598546650887,0.0,seg_solar_medium_sun,train,16014,6177,6030
seg_solar_medium_sun_train_lgbm_direct,16014,43.742747799594994,64.90248531044669,0.9066355901393152,-0.03357160081509309,0.6717344673723632,seg_solar_medium_sun,train,16014,6177,6030
seg_solar_medium_sun_train_lgbm_residual,16014,43.305873082987524,64.42368578664623,0.908008047405873,0.048907399340637626,0.6741561524580792,seg_solar_medium_sun,train,16014,6177,6030
seg_solar_medium_sun_train_blend_30persistence_70residual,16014,68.53673256006013,88.45572655810295,0.826575436744556,-4.448544384456834,0.5526062514606589,seg_solar_medium_sun,train,16014,6177,6030
seg_solar_medium_sun_train_blend_50persistence_50residual,16014,94.09140117666392,116.25694903725697,0.7004312244677338,-7.446845573655127,0.4119924820315556,seg_solar_medium_sun,train,16014,6177,6030
seg_solar_medium_sun_train_blend_70persistence_30residual,16014,122.57523977424988,147.64986286648642,0.5168023680554892,-10.445146762853444,0.2532125596665983,seg_solar_medium_sun,train,16014,6177,6030
seg_solar_medium_sun_valid_persistence,6177,167.9972484053748,197.84953911438834,0.18585692729052883,-23.22396030435486,0.0,seg_solar_medium_sun,valid,16014,6177,6030
seg_solar_medium_sun_valid_lgbm_direct,6177,51.78541598151803,79.2440681355423,0.8693936864005385,-10.636768346867404,0.5994730718592844,seg_solar_medium_sun,valid,16014,6177,6030
seg_solar_medium_sun_valid_lgbm_residual,6177,51.92364667619576,79.47091540461149,0.8686448583061261,-10.391320308119926,0.5983265073027806,seg_solar_medium_sun,valid,16014,6177,6030
seg_solar_medium_sun_valid_blend_30persistence_70residual,6177,75.69306392825222,99.88259742151077,0.792503726633613,-14.241112306990422,0.495158806694198,seg_solar_medium_sun,valid,16014,6177,6030
seg_solar_medium_sun_valid_blend_50persistence_50residual,6177,99.25613155523759,123.95031018772326,0.6804595209318585,-16.807640306237396,0.37351226218393985,seg_solar_medium_sun,valid,16014,6177,6030
seg_solar_medium_sun_valid_blend_70persistence_30residual,6177,125.64441202948426,152.01335060013372,0.5193885542273742,-19.374168305484396,0.23167194990408368,seg_solar_medium_sun,valid,16014,6177,6030
seg_solar_medium_sun_test_persistence,6030,166.7914509918879,197.38370758742877,0.11732793240211936,-19.60187885885835,0.0,seg_solar_medium_sun,test,16014,6177,6030
seg_solar_medium_sun_test_lgbm_direct,6030,59.19904034428073,87.92110297140381,0.8248689973446486,-2.688106540813909,0.5545675778105434,seg_solar_medium_sun,test,16014,6177,6030
seg_solar_medium_sun_test_lgbm_residual,6030,60.999439537255995,88.3809893013524,0.8230321005957663,-1.124074919969037,0.5522376675278273,seg_solar_medium_sun,test,16014,6177,6030
seg_solar_medium_sun_test_blend_30persistence_70residual,6030,78.26928581968615,103.88005789144559,0.7555212340601988,-6.667416101635845,0.4737151350476424,seg_solar_medium_sun,test,16014,6177,6030
seg_solar_medium_sun_test_blend_50persistence_50residual,6030,99.7669519263159,125.73199953755201,0.6418471402162365,-10.362976889413694,0.3630072052331852,seg_solar_medium_sun,test,16014,6177,6030
seg_solar_medium_sun_test_blend_70persistence_30residual,6030,125.00582816870953,152.48186098011664,0.47323956678274004,-14.05853767719157,0.22748507035426613,seg_solar_medium_sun,test,16014,6177,6030
seg_solar_high_sun_train_persistence,38572,182.80737957904552,238.51228033291747,0.28880221082397783,23.755998527939425,0.0,seg_solar_high_sun,train,38572,15293,14956
seg_solar_high_sun_train_lgbm_direct,38572,99.07890201416741,133.92701318855103,0.7757640320804733,-0.03138045600271062,0.43849007270562934,seg_solar_high_sun,train,38572,15293,14956
seg_solar_high_sun_train_lgbm_residual,38572,98.07039087232546,132.98749427160337,0.7788990975679523,0.024447334091221913,0.44242915255357795,seg_solar_high_sun,train,38572,15293,14956
seg_solar_high_sun_train_blend_30persistence_70residual,38572,111.15098988779734,149.8579173111051,0.7192444863502818,7.143912692245649,0.3716972681577144,seg_solar_high_sun,train,38572,15293,14956
seg_solar_high_sun_train_blend_50persistence_50residual,38572,127.5106394791601,170.19589451442863,0.6378678622977767,11.890222931015323,0.286427121165972,seg_solar_high_sun,train,38572,15293,14956
seg_solar_high_sun_train_blend_70persistence_30residual,38572,147.85408841098936,195.29047359154364,0.5232057316526919,16.636533169784926,0.18121417765594483,seg_solar_high_sun,train,38572,15293,14956
seg_solar_high_sun_valid_persistence,15293,187.47647960504807,248.86142042223736,0.23469793470122535,33.2342126855424,0.0,seg_solar_high_sun,valid,38572,15293,14956
seg_solar_high_sun_valid_lgbm_direct,15293,114.19740799569587,158.12704206226374,0.6910202423129508,5.474965736933993,0.3645980088276709,seg_solar_high_sun,valid,38572,15293,14956
seg_solar_high_sun_valid_lgbm_residual,15293,113.23569752414276,157.38154093640833,0.693926788415361,4.390733008448284,0.367593656463976,seg_solar_high_sun,valid,38572,15293,14956
seg_solar_high_sun_valid_blend_30persistence_70residual,15293,122.77060213992611,168.2424456341235,0.6502249078296172,13.043776911576485,0.32395127638237187,seg_solar_high_sun,valid,38572,15293,14956
seg_solar_high_sun_valid_blend_50persistence_50residual,15293,136.4848389033173,185.1706274345839,0.576296618139837,18.812472846995345,0.25592875295652806,seg_solar_high_sun,valid,38572,15293,14956
seg_solar_high_sun_valid_blend_70persistence_30residual,15293,154.53302212860777,207.7757044790682,0.4665333663439628,24.58116878241413,0.1650947578514178,seg_solar_high_sun,valid,38572,15293,14956
seg_solar_high_sun_test_persistence,14956,188.66466248041877,248.8491342409525,0.19897740198754155,26.325114776678255,0.0,seg_solar_high_sun,test,38572,15293,14956
seg_solar_high_sun_test_lgbm_direct,14956,130.06397733037417,167.0305842542601,0.6391185986660285,4.486692876361513,0.3287877622570716,seg_solar_high_sun,test,38572,15293,14956
seg_solar_high_sun_test_lgbm_residual,14956,129.50063915156878,166.42518413979982,0.6417298774088467,-1.3397244922107778,0.3312205620186899,seg_solar_high_sun,test,38572,15293,14956
seg_solar_high_sun_test_blend_30persistence_70residual,14956,130.21638299623584,171.06284368201844,0.6214843201887619,6.959727288455898,0.3125841317318635,seg_solar_high_sun,test,38572,15293,14956
seg_solar_high_sun_test_blend_50persistence_50residual,14956,139.43411068281418,185.60822714217912,0.5543776699437974,12.492695142233739,0.2541335226729754,seg_solar_high_sun,test,38572,15293,14956
seg_solar_high_sun_test_blend_70persistence_30residual,14956,155.2252561931337,207.25326624007837,0.4443833300202399,18.025662996011512,0.16715295445070033,seg_solar_high_sun,test,38572,15293,14956
seg_hour_morning_train_persistence,21041,177.46775457600356,208.7298684801306,0.2799593668237269,-158.5611730620292,0.0,seg_hour_morning,train,21041,8166,8129
seg_hour_morning_train_lgbm_direct,21041,74.38458956236859,101.12509139292436,0.8309926234253533,-0.0260453619556126,0.5155217021441727,seg_hour_morning,train,21041,8166,8129
seg_hour_morning_train_lgbm_residual,21041,77.20570868739158,105.93440095372304,0.814535054473618,0.057301258847169516,0.492480871448414,seg_hour_morning,train,21041,8166,8129
seg_hour_morning_train_blend_30persistence_70residual,21041,93.4730229263651,121.7192821430697,0.7551463564291112,-47.52824103741577,0.41685738112436743,seg_hour_morning,train,21041,8166,8129
seg_hour_morning_train_blend_50persistence_50residual,21041,112.7055734345941,141.84823949170766,0.667466268089697,-79.25193590159103,0.32042193805525976,seg_hour_morning,train,21041,8166,8129
seg_hour_morning_train_blend_70persistence_30residual,21041,136.57803897116094,166.59534183628182,0.5413160813691549,-110.97563076576631,0.2018615110077533,seg_hour_morning,train,21041,8166,8129
seg_hour_morning_valid_persistence,8166,181.83281713201077,211.2892115676046,0.22618814107933816,-159.47650045309823,0.0,seg_hour_morning,valid,21041,8166,8129
seg_hour_morning_valid_lgbm_direct,8166,85.00606759537447,118.26470165512904,0.7575674011190353,-8.528658322812552,0.44027098791417096,seg_hour_morning,valid,21041,8166,8129
seg_hour_morning_valid_lgbm_residual,8166,84.43445869665949,117.97511603895065,0.7587531994135723,-6.196951234653546,0.4416415529990132,seg_hour_morning,valid,21041,8166,8129
seg_hour_morning_valid_blend_30persistence_70residual,8166,100.7911530152352,131.7948336716734,0.6989230493649115,-52.180816000186965,0.3762349118828342,seg_hour_morning,valid,21041,8166,8129
seg_hour_morning_valid_blend_50persistence_50residual,8166,119.38686751594248,149.72187728734045,0.6114461076888474,-82.83672584387588,0.2913889158063564,seg_hour_morning,valid,21041,8166,8129
seg_hour_morning_valid_blend_70persistence_30residual,8166,142.4623410790824,172.2204382491419,0.48589702603121776,-113.49263568756483,0.18490661699479238,seg_hour_morning,valid,21041,8166,8129
seg_hour_morning_test_persistence,8129,177.72355874031246,211.3275977433446,0.24061132446300126,-154.99460809447655,0.0,seg_hour_morning,test,21041,8166,8129
seg_hour_morning_test_lgbm_direct,8129,95.37249162044077,127.46178723524164,0.7237440177031951,6.903185012517,0.3968521452174798,seg_hour_morning,test,21041,8166,8129
seg_hour_morning_test_lgbm_residual,8129,93.7664438170187,125.91587866958906,0.7304044714788755,-0.3534507999941551,0.4041673685113635,seg_hour_morning,test,21041,8166,8129
seg_hour_morning_test_blend_30persistence_70residual,8129,102.4432812355415,136.1337551508087,0.6848746560774798,-46.7457979883389,0.3558164830125885,seg_hour_morning,test,21041,8166,8129
seg_hour_morning_test_blend_50persistence_50residual,8129,117.73994243376393,152.17539746754076,0.6062318607130414,-77.67402944723537,0.2799075980016753,seg_hour_morning,test,21041,8166,8129
seg_hour_morning_test_blend_70persistence_30residual,8129,138.9875935356076,173.36152202318604,0.48895739727112997,-108.60226090613185,0.17965507641017153,seg_hour_morning,test,21041,8166,8129
seg_hour_midday_train_persistence,21541,173.5135622655209,237.68094361397604,0.1494599702587418,18.93198756329383,0.0,seg_hour_midday,train,21541,8661,8451
seg_hour_midday_train_lgbm_direct,21541,110.83987451750882,148.14978725115375,0.6695482193968794,0.03393702226581624,0.37668630476422305,seg_hour_midday,train,21541,8661,8451
seg_hour_midday_train_lgbm_residual,21541,108.11895626399138,145.8601117362953,0.6796836434765364,0.01758355182738362,0.3863197043967034,seg_hour_midday,train,21541,8661,8451
seg_hour_midday_train_blend_30persistence_70residual,21541,117.81819242972252,161.78232258002802,0.605934727369623,5.691904755267277,0.3193298540467636,seg_hour_midday,train,21541,8661,8451
seg_hour_midday_train_blend_50persistence_50residual,21541,129.94358454091855,179.26948124014496,0.5161410757467163,9.474785557560605,0.24575576605206806,seg_hour_midday,train,21541,8661,8451
seg_hour_midday_train_blend_70persistence_30residual,21541,145.67149813019398,200.64980290045253,0.39384525808250503,13.257666359853854,0.1558018920257519,seg_hour_midday,train,21541,8661,8451
seg_hour_midday_valid_persistence,8661,179.6625362352307,250.34551592034597,0.0343417905657637,25.97926548127622,0.0,seg_hour_midday,valid,21541,8661,8451
seg_hour_midday_valid_lgbm_direct,8661,127.20668376131634,174.41432250844008,0.5312858185060074,8.585448012409975,0.3033055860128344,seg_hour_midday,valid,21541,8661,8451
seg_hour_midday_valid_lgbm_residual,8661,125.87833097944774,174.48405123784815,0.5309109711085778,13.058061085339018,0.3030270560413598,seg_hour_midday,valid,21541,8661,8451
seg_hour_midday_valid_blend_30persistence_70residual,8661,131.67470220355332,183.53101577090183,0.4810055189110144,16.934422404120138,0.26688914280654796,seg_hour_midday,valid,21541,8661,8451
seg_hour_midday_valid_blend_50persistence_50residual,8661,140.961451563391,197.24250083120958,0.4005612641291717,19.51866328330762,0.21211889853075105,seg_hour_midday,valid,21541,8661,8451
seg_hour_midday_valid_blend_70persistence_30residual,8661,154.01372893025027,215.81221242533957,0.28237784669388877,22.102904162495015,0.13794256856589393,seg_hour_midday,valid,21541,8661,8451
seg_hour_midday_test_persistence,8451,176.87469478844432,244.7412421516555,0.018960385400582314,13.2336112886049,0.0,seg_hour_midday,test,21541,8661,8451
seg_hour_midday_test_lgbm_direct,8451,147.3320558669028,185.621030886963,0.43567851468278707,5.61544994213562,0.24156211166101005,seg_hour_midday,test,21541,8661,8451
seg_hour_midday_test_lgbm_residual,8451,139.2649414230066,180.15638725036013,0.46841642545359163,-0.20627282689337928,0.26389036164683255,seg_hour_midday,test,21541,8661,8451
seg_hour_midday_test_blend_30persistence_70residual,8451,136.62768783207017,182.80479396881108,0.45267235279427254,3.825692407756062,0.25306910939213545,seg_hour_midday,test,21541,8661,8451
seg_hour_midday_test_blend_50persistence_50residual,8451,140.98867608940836,193.70330493647586,0.3854654760896866,6.51366923085576,0.20853835980596058,seg_hour_midday,test,21541,8661,8451
seg_hour_midday_test_blend_70persistence_30residual,8451,151.29829784573874,210.6997232914958,0.2728899367730687,9.201646053955375,0.1390918774493498,seg_hour_midday,test,21541,8661,8451
seg_hour_afternoon_train_persistence,23665,145.3800361960356,193.5348044330465,-0.09317218065090316,130.22697411121473,0.0,seg_hour_afternoon,train,23665,9149,8756
seg_hour_afternoon_train_lgbm_direct,23665,34.07052943186599,56.71122906916299,0.9061339517719972,0.041295233218835374,0.7069714192478372,seg_hour_afternoon,train,23665,9149,8756
seg_hour_afternoon_train_lgbm_residual,23665,34.099632091927695,56.34319576578421,0.9073483051909138,0.9044710731341817,0.7088730581001198,seg_hour_afternoon,train,23665,9149,8756
seg_hour_afternoon_train_blend_30persistence_70residual,23665,57.25168573682296,82.31733205828037,0.8022333815144678,39.70122198455834,0.5746639355157531,seg_hour_afternoon,train,23665,9149,8756
seg_hour_afternoon_train_blend_50persistence_50residual,23665,80.65954502766712,111.17314906785468,0.6392799933129802,65.56572259217445,0.4255650843085689,seg_hour_afternoon,train,23665,9149,8756
seg_hour_afternoon_train_blend_70persistence_30residual,23665,106.00343521182974,143.1384263024001,0.40202518717774105,91.43022319979056,0.26039956109331786,seg_hour_afternoon,train,23665,9149,8756
seg_hour_afternoon_valid_persistence,9149,142.3227093307101,196.38233377747605,-0.09581186456408197,131.48212782453456,0.0,seg_hour_afternoon,valid,23665,9149,8756
seg_hour_afternoon_valid_lgbm_direct,9149,42.050836321633206,76.53494759916939,0.8335626688972999,0.6390957389631433,0.6102758016620153,seg_hour_afternoon,valid,23665,9149,8756
seg_hour_afternoon_valid_lgbm_residual,9149,42.09980466684016,76.6467024569321,0.833076256855211,1.133378958700034,0.6097067338868591,seg_hour_afternoon,valid,23665,9149,8756
seg_hour_afternoon_valid_blend_30persistence_70residual,9149,60.668419806515615,95.95406910059783,0.7383878212769335,40.23800361845038,0.511391542941307,seg_hour_afternoon,valid,23665,9149,8756
seg_hour_afternoon_valid_blend_50persistence_50residual,9149,81.65887932525627,120.4662822814653,0.5876536257259339,66.3077533916173,0.3865727127065942,seg_hour_afternoon,valid,23665,9149,8756
seg_hour_afternoon_valid_blend_70persistence_30residual,9149,105.00595926876622,149.27727551743737,0.36683257270921643,92.37750316478419,0.23986403132073053,seg_hour_afternoon,valid,23665,9149,8756
seg_hour_afternoon_test_persistence,8756,148.98398695535454,202.51976969525126,-0.14803875908640096,137.93055783246737,0.0,seg_hour_afternoon,test,23665,9149,8756
seg_hour_afternoon_test_lgbm_direct,8756,55.267534132434044,90.66086665769093,0.7699292366007009,3.752406270887572,0.5523357211292702,seg_hour_afternoon,test,23665,9149,8756
seg_hour_afternoon_test_lgbm_residual,8756,54.08616915125646,87.18304525045205,0.7872420632276838,-2.1255081068241535,0.5695084712882905,seg_hour_afternoon,test,23665,9149,8756
seg_hour_afternoon_test_blend_30persistence_70residual,8756,65.7445291218636,97.75076508316778,0.7325380347318425,39.8913116749633,0.5173272948598466,seg_hour_afternoon,test,23665,9149,8756
seg_hour_afternoon_test_blend_50persistence_50residual,8756,84.64440241627219,121.24687321581938,0.5885066737353843,67.90252486282161,0.40130845794329184,seg_hour_afternoon,test,23665,9149,8756
seg_hour_afternoon_test_blend_70persistence_30residual,8756,108.81500609314463,151.39538159948853,0.3584257058062087,95.91373805067988,0.2524414686659675,seg_hour_afternoon,test,23665,9149,8756
