experiment,feature,importance_direct,importance_residual
all_daylight,clp_cot,582,740
all_daylight,hour_sin,382,268
all_daylight,solar_elev_deg,325,252
all_daylight,solar_elev_sin_clip,284,203
all_daylight,month_cos,251,216
all_daylight,dni_now,227,593
all_daylight,clp_cot_delta_180m,223,309
all_daylight,clp_cot_delta_60m,205,234
all_daylight,dni_fraction,190,159
all_daylight,clp_cer,176,225
all_daylight,nett_rad_now,174,118
all_daylight,clp_cot_roll_180m_mean,168,200
all_daylight,synop_dewpoint_c,168,177
all_daylight,month_sin,165,205
all_daylight,ghi_now,162,222
all_daylight,aws_ws_roll_180m_mean,160,127
all_daylight,ghi_roll_180m_max,158,147
all_daylight,aws_pressure_lag_60m,157,175
all_daylight,dhi_roll_180m_mean,153,191
all_daylight,cloud_height_temp_interaction,153,188
all_daylight,aws_pressure_hpa,148,137
all_daylight,ghi_clear_proxy,144,938
all_daylight,dni_roll_180m_mean,134,146
all_daylight,synop_temp_c,131,131
all_daylight,ghi_lag_180m,127,118
all_daylight,clp_cth_roll_180m_mean,125,170
all_daylight,temp_rh_interaction,112,125
all_daylight,clp_ctt_k,111,129
all_daylight,clp_cth_m,108,109
all_daylight,synop_wind_dir_deg,105,128
all_daylight,aws_temp_roll_180m_mean,103,108
all_daylight,clp_cth_delta_180m,100,99
all_daylight,ghi_roll_180m_std,98,120
all_daylight,aws_rh_roll_180m_mean,98,112
all_daylight,ghi_roll_180m_min,96,174
all_daylight,ghi_roll_180m_mean,96,84
all_daylight,ghi_roll_180m_range,92,86
all_daylight,aws_rain_sum_180m,88,57
all_daylight,clp_cth_delta_60m,85,113
all_daylight,dhi_now,84,77
all_daylight,wind_u,78,112
all_daylight,synop_rh_pct,78,83
all_daylight,ghi_roll_30m_max,77,110
all_daylight,dhi_lag_60m,75,60
all_daylight,solar_elev_sin,75,60
all_daylight,ghi_roll_60m_std,74,72
all_daylight,ghi_delta_60m,73,127
all_daylight,dhi_fraction,71,144
all_daylight,ghi_roll_60m_max,68,101
all_daylight,ghi_roll_60m_range,67,99
all_daylight,ghi_to_aws_sr_ratio,66,34
all_daylight,ghi_roll_60m_min,65,77
all_daylight,synop_visibility,65,61
all_daylight,clp_cot_lag_60m,63,81
all_daylight,dni_lag_60m,62,85
all_daylight,wind_v,62,64
all_daylight,clp_cth_lag_60m,61,89
all_daylight,ghi_lag_120m,61,65
all_daylight,aws_temp_lag_60m,61,54
all_daylight,aws_temp_min_c,56,60
all_daylight,aws_rh_delta_60m,53,36
all_daylight,aws_rh_lag_60m,52,70
all_daylight,ghi_roll_60m_mean,50,46
all_daylight,aws_temp_delta_60m,48,50
all_daylight,reflected_now,46,183
all_daylight,aws_temp_c,45,40
all_daylight,ghi_roll_30m_min,43,56
all_daylight,ghi_roll_30m_std,42,67
all_daylight,aws_ws_avg,39,59
all_daylight,aws_wd_deg,38,52
all_daylight,vpd_proxy,38,41
all_daylight,ghi_lag_60m,37,32
all_daylight,aws_ws_max,36,34
all_daylight,synop_wind_speed,36,30
all_daylight,ghi_roll_30m_mean,35,51
all_daylight,ghi_ramp_ratio_60m,34,140
all_daylight,aws_rain_mm,33,25
all_daylight,asrs_n_obs_1min,33,21
all_daylight,ghi_delta_10m,31,64
all_daylight,aws_rh_pct,28,42
all_daylight,aws_sr_avg_w_m2,27,75
all_daylight,clp_moderate_cloud_flag,21,43
all_daylight,ghi_lag_30m,21,28
all_daylight,hour_cos,20,25
all_daylight,aws_temp_max_c,15,23
all_daylight,ghi_lag_10m,14,37
all_daylight,clp_thick_cloud_flag,14,13
all_daylight,clp_thin_cloud_flag,12,11
all_daylight,diffuse_to_global_ratio,7,12
all_daylight,asrs_ok_obs,7,5
all_daylight,aws_temp_range,6,15
all_daylight,synop_rainfall_24h_mm,3,3
all_daylight,synop_solar_rad_24h,0,1
all_daylight,daylight_flag,0,0
all_daylight,sun_above_5deg_flag,0,0
all_daylight,clp_cloud_present,0,0
all_daylight,clp_clear_flag,0,0
all_daylight,cloud_opacity_proxy,0,0
clp_required,clp_cot,708,911
clp_required,solar_elev_deg,616,425
clp_required,hour_sin,339,299
clp_required,month_cos,249,238
clp_required,clp_cot_delta_180m,243,344
clp_required,clp_cer,229,275
clp_required,dni_now,213,523
clp_required,aws_pressure_lag_60m,202,209
clp_required,clp_cot_delta_60m,201,246
clp_required,dni_fraction,201,187
clp_required,month_sin,197,243
clp_required,nett_rad_now,180,179
clp_required,cloud_height_temp_interaction,178,220
clp_required,aws_ws_roll_180m_mean,176,192
clp_required,aws_pressure_hpa,174,185
clp_required,ghi_roll_180m_max,166,223
clp_required,ghi_now,161,175
clp_required,clp_cot_roll_180m_mean,156,202
clp_required,synop_dewpoint_c,153,192
clp_required,ghi_roll_180m_std,153,169
clp_required,temp_rh_interaction,140,157
clp_required,clp_ctt_k,139,155
clp_required,ghi_clear_proxy,135,934
clp_required,clp_cth_roll_180m_mean,134,204
clp_required,aws_temp_roll_180m_mean,126,121
clp_required,dni_roll_180m_mean,125,171
clp_required,synop_wind_dir_deg,121,173
clp_required,ghi_roll_60m_max,117,169
clp_required,ghi_lag_180m,115,148
clp_required,ghi_roll_180m_range,115,129
clp_required,clp_cth_m,113,167
clp_required,synop_temp_c,113,151
clp_required,dhi_roll_180m_mean,106,185
clp_required,aws_rh_roll_180m_mean,104,138
clp_required,clp_cth_delta_180m,102,131
clp_required,clp_cth_delta_60m,100,150
clp_required,ghi_to_aws_sr_ratio,95,46
clp_required,ghi_roll_180m_min,89,141
clp_required,solar_elev_sin,87,92
clp_required,aws_rain_sum_180m,86,91
clp_required,ghi_roll_60m_range,85,131
clp_required,dni_lag_60m,84,122
clp_required,ghi_roll_180m_mean,81,79
clp_required,dhi_lag_60m,80,109
clp_required,clp_cot_lag_60m,79,123
clp_required,ghi_roll_30m_max,78,131
clp_required,wind_v,78,81
clp_required,dhi_fraction,76,144
clp_required,clp_cth_lag_60m,76,97
clp_required,aws_rh_lag_60m,76,88
clp_required,wind_u,75,121
clp_required,ghi_roll_30m_min,74,73
clp_required,dhi_now,72,97
clp_required,ghi_roll_60m_std,72,84
clp_required,synop_rh_pct,71,133
clp_required,synop_visibility,69,89
clp_required,ghi_roll_60m_mean,69,49
clp_required,aws_rh_delta_60m,66,83
clp_required,ghi_lag_120m,66,79
clp_required,ghi_roll_60m_min,61,90
clp_required,aws_ws_avg,61,82
clp_required,aws_ws_max,58,78
clp_required,aws_wd_deg,58,77
clp_required,aws_temp_lag_60m,58,73
clp_required,ghi_delta_60m,55,112
clp_required,aws_temp_min_c,55,77
clp_required,ghi_roll_30m_mean,50,48
clp_required,ghi_roll_30m_std,49,81
clp_required,aws_rh_pct,47,73
clp_required,aws_temp_delta_60m,45,87
clp_required,reflected_now,44,190
clp_required,vpd_proxy,44,63
clp_required,ghi_lag_60m,44,42
clp_required,aws_temp_c,39,42
clp_required,aws_sr_avg_w_m2,38,105
clp_required,synop_wind_speed,36,52
clp_required,ghi_ramp_ratio_60m,35,137
clp_required,aws_temp_max_c,34,44
clp_required,aws_rain_mm,34,37
clp_required,ghi_delta_10m,31,69
clp_required,asrs_n_obs_1min,28,32
clp_required,ghi_lag_30m,23,47
clp_required,hour_cos,19,32
clp_required,ghi_lag_10m,16,48
clp_required,solar_elev_sin_clip,12,12
clp_required,diffuse_to_global_ratio,11,14
clp_required,asrs_ok_obs,9,7
clp_required,aws_temp_range,8,17
clp_required,clp_thick_cloud_flag,7,12
clp_required,clp_thin_cloud_flag,5,15
clp_required,clp_moderate_cloud_flag,5,6
clp_required,synop_rainfall_24h_mm,2,1
clp_required,synop_solar_rad_24h,1,5
clp_required,daylight_flag,0,0
clp_required,sun_above_5deg_flag,0,0
clp_required,clp_cloud_present,0,0
clp_required,clp_clear_flag,0,0
clp_required,cloud_opacity_proxy,0,0
high_sun,clp_cot,542,668
high_sun,solar_elev_deg,438,269
high_sun,hour_sin,263,273
high_sun,month_cos,210,178
high_sun,clp_cot_delta_180m,197,200
high_sun,dni_fraction,193,156
high_sun,dni_now,181,440
high_sun,clp_cot_delta_60m,157,201
high_sun,month_sin,148,167
high_sun,clp_cer,146,187
high_sun,cloud_height_temp_interaction,142,161
high_sun,ghi_clear_proxy,138,731
high_sun,clp_cot_roll_180m_mean,133,166
high_sun,ghi_now,127,145
high_sun,synop_dewpoint_c,123,138
high_sun,nett_rad_now,118,84
high_sun,ghi_roll_180m_max,117,114
high_sun,aws_pressure_lag_60m,114,117
high_sun,clp_cth_roll_180m_mean,112,120
high_sun,dhi_roll_180m_mean,110,139
high_sun,aws_ws_roll_180m_mean,107,111
high_sun,aws_pressure_hpa,106,121
high_sun,ghi_roll_180m_std,101,103
high_sun,solar_elev_sin,93,71
high_sun,dni_roll_180m_mean,91,93
high_sun,synop_temp_c,89,99
high_sun,synop_wind_dir_deg,88,88
high_sun,aws_temp_roll_180m_mean,87,95
high_sun,temp_rh_interaction,84,98
high_sun,clp_ctt_k,83,110
high_sun,ghi_roll_180m_range,82,63
high_sun,ghi_lag_180m,81,85
high_sun,aws_rh_roll_180m_mean,80,84
high_sun,ghi_roll_180m_min,74,95
high_sun,ghi_roll_30m_max,74,73
high_sun,ghi_roll_60m_max,73,90
high_sun,clp_cth_delta_180m,71,85
high_sun,clp_cth_m,68,79
high_sun,ghi_roll_180m_mean,68,47
high_sun,aws_rain_sum_180m,64,51
high_sun,dhi_fraction,61,91
high_sun,ghi_to_aws_sr_ratio,60,14
high_sun,clp_cth_delta_60m,59,91
high_sun,wind_u,56,86
high_sun,wind_v,53,56
high_sun,ghi_roll_60m_min,52,62
high_sun,synop_visibility,52,50
high_sun,ghi_roll_60m_range,51,76
high_sun,synop_rh_pct,49,88
high_sun,clp_cot_lag_60m,49,56
high_sun,dhi_lag_60m,49,52
high_sun,dhi_now,48,43
high_sun,ghi_delta_60m,47,93
high_sun,aws_wd_deg,47,52
high_sun,aws_rh_lag_60m,46,44
high_sun,aws_temp_lag_60m,42,31
high_sun,ghi_roll_60m_std,41,42
high_sun,aws_temp_delta_60m,41,32
high_sun,dni_lag_60m,38,46
high_sun,ghi_roll_60m_mean,37,17
high_sun,ghi_roll_30m_min,36,37
high_sun,ghi_lag_120m,36,26
high_sun,aws_temp_min_c,35,59
high_sun,clp_cth_lag_60m,35,57
high_sun,ghi_roll_30m_mean,35,30
high_sun,aws_ws_max,34,34
high_sun,reflected_now,32,146
high_sun,hour_cos,32,16
high_sun,vpd_proxy,31,26
high_sun,aws_rain_mm,30,28
high_sun,aws_ws_avg,29,42
high_sun,aws_temp_c,29,18
high_sun,aws_rh_delta_60m,28,30
high_sun,aws_sr_avg_w_m2,27,44
high_sun,aws_rh_pct,23,19
high_sun,ghi_ramp_ratio_60m,22,113
high_sun,ghi_roll_30m_std,22,40
high_sun,synop_wind_speed,21,31
high_sun,ghi_delta_10m,20,37
high_sun,ghi_lag_10m,19,26
high_sun,asrs_n_obs_1min,18,27
high_sun,ghi_lag_60m,17,22
high_sun,aws_temp_max_c,17,16
high_sun,solar_elev_sin_clip,16,15
high_sun,ghi_lag_30m,12,15
high_sun,clp_thick_cloud_flag,10,12
high_sun,clp_moderate_cloud_flag,8,19
high_sun,diffuse_to_global_ratio,8,16
high_sun,aws_temp_range,6,12
high_sun,asrs_ok_obs,5,6
high_sun,clp_thin_cloud_flag,3,12
high_sun,synop_rainfall_24h_mm,2,1
high_sun,synop_solar_rad_24h,1,1
high_sun,daylight_flag,0,0
high_sun,sun_above_5deg_flag,0,0
high_sun,clp_cloud_present,0,0
high_sun,clp_clear_flag,0,0
high_sun,cloud_opacity_proxy,0,0
midday_08_15,clp_cot,498,658
midday_08_15,solar_elev_deg,376,264
midday_08_15,hour_sin,270,263
midday_08_15,month_cos,220,200
midday_08_15,clp_cot_delta_180m,190,242
midday_08_15,dni_now,189,425
midday_08_15,dni_fraction,176,131
midday_08_15,month_sin,156,155
midday_08_15,synop_dewpoint_c,151,150
midday_08_15,clp_cot_delta_60m,148,184
midday_08_15,clp_cer,148,179
midday_08_15,ghi_now,140,136
midday_08_15,aws_ws_roll_180m_mean,127,123
midday_08_15,cloud_height_temp_interaction,120,156
midday_08_15,ghi_roll_180m_max,115,110
midday_08_15,aws_pressure_lag_60m,114,138
midday_08_15,dni_roll_180m_mean,113,105
midday_08_15,clp_cth_roll_180m_mean,109,158
midday_08_15,aws_pressure_hpa,106,128
midday_08_15,dhi_roll_180m_mean,103,114
midday_08_15,ghi_clear_proxy,101,707
midday_08_15,synop_wind_dir_deg,101,121
midday_08_15,clp_cot_roll_180m_mean,99,164
midday_08_15,aws_temp_roll_180m_mean,98,99
midday_08_15,ghi_roll_180m_std,97,99
midday_08_15,synop_temp_c,95,107
midday_08_15,ghi_roll_60m_max,92,96
midday_08_15,solar_elev_sin,91,47
midday_08_15,ghi_roll_30m_max,88,86
midday_08_15,clp_cth_m,87,111
midday_08_15,ghi_roll_180m_mean,87,54
midday_08_15,nett_rad_now,84,91
midday_08_15,ghi_roll_180m_range,74,69
midday_08_15,temp_rh_interaction,72,105
midday_08_15,aws_rh_roll_180m_mean,71,101
midday_08_15,clp_cth_delta_60m,71,89
midday_08_15,ghi_roll_180m_min,69,102
midday_08_15,clp_ctt_k,67,84
midday_08_15,ghi_roll_60m_min,64,59
midday_08_15,ghi_lag_180m,63,67
midday_08_15,synop_rh_pct,62,90
midday_08_15,dni_lag_60m,59,53
midday_08_15,wind_u,57,94
midday_08_15,ghi_roll_60m_range,56,79
midday_08_15,aws_rain_sum_180m,55,52
midday_08_15,wind_v,53,47
midday_08_15,ghi_to_aws_sr_ratio,53,14
midday_08_15,clp_cth_delta_180m,52,83
midday_08_15,synop_visibility,52,55
midday_08_15,aws_rh_lag_60m,52,45
midday_08_15,dhi_now,51,66
midday_08_15,dhi_fraction,50,87
midday_08_15,ghi_roll_60m_mean,46,24
midday_08_15,clp_cth_lag_60m,45,47
midday_08_15,ghi_roll_30m_mean,44,30
midday_08_15,clp_cot_lag_60m,43,56
midday_08_15,ghi_roll_60m_std,41,52
midday_08_15,aws_wd_deg,41,47
midday_08_15,ghi_lag_120m,40,27
midday_08_15,aws_rh_pct,38,49
midday_08_15,aws_rh_delta_60m,36,40
midday_08_15,vpd_proxy,36,30
midday_08_15,aws_temp_min_c,35,47
midday_08_15,dhi_lag_60m,34,50
midday_08_15,aws_ws_max,33,34
midday_08_15,aws_temp_lag_60m,32,37
midday_08_15,aws_temp_delta_60m,32,36
midday_08_15,reflected_now,30,161
midday_08_15,aws_sr_avg_w_m2,30,42
midday_08_15,ghi_delta_60m,28,82
midday_08_15,ghi_roll_30m_min,28,34
midday_08_15,aws_ws_avg,27,51
midday_08_15,ghi_lag_60m,27,32
midday_08_15,ghi_roll_30m_std,25,24
midday_08_15,hour_cos,23,10
midday_08_15,synop_wind_speed,22,36
midday_08_15,aws_rain_mm,21,38
midday_08_15,aws_temp_c,21,27
midday_08_15,ghi_delta_10m,20,44
midday_08_15,clp_moderate_cloud_flag,20,34
midday_08_15,solar_elev_sin_clip,19,10
midday_08_15,asrs_n_obs_1min,18,6
midday_08_15,aws_temp_max_c,16,24
midday_08_15,ghi_ramp_ratio_60m,12,84
midday_08_15,ghi_lag_30m,11,15
midday_08_15,ghi_lag_10m,8,26
midday_08_15,clp_thick_cloud_flag,8,8
midday_08_15,asrs_ok_obs,6,7
midday_08_15,clp_thin_cloud_flag,5,11
midday_08_15,diffuse_to_global_ratio,4,10
midday_08_15,aws_temp_range,3,6
midday_08_15,daylight_flag,0,0
midday_08_15,sun_above_5deg_flag,0,0
midday_08_15,clp_cloud_present,0,0
midday_08_15,clp_clear_flag,0,0
midday_08_15,synop_rainfall_24h_mm,0,0
midday_08_15,synop_solar_rad_24h,0,0
midday_08_15,cloud_opacity_proxy,0,0
clp_high_sun,clp_cot,575,718
clp_high_sun,solar_elev_deg,439,268
clp_high_sun,hour_sin,270,296
clp_high_sun,clp_cot_delta_180m,209,261
clp_high_sun,clp_cer,199,185
clp_high_sun,dni_now,194,410
clp_high_sun,month_cos,186,176
clp_high_sun,dni_fraction,180,146
clp_high_sun,cloud_height_temp_interaction,165,182
clp_high_sun,month_sin,154,151
clp_high_sun,clp_cot_delta_60m,150,187
clp_high_sun,aws_pressure_hpa,143,143
clp_high_sun,aws_pressure_lag_60m,128,132
clp_high_sun,ghi_now,120,132
clp_high_sun,ghi_roll_180m_std,120,120
clp_high_sun,nett_rad_now,119,92
clp_high_sun,ghi_clear_proxy,117,712
clp_high_sun,ghi_roll_180m_max,109,118
clp_high_sun,aws_ws_roll_180m_mean,106,128
clp_high_sun,clp_cot_roll_180m_mean,102,156
clp_high_sun,dhi_roll_180m_mean,96,94
clp_high_sun,solar_elev_sin,96,73
clp_high_sun,synop_dewpoint_c,95,132
clp_high_sun,clp_cth_m,95,123
clp_high_sun,temp_rh_interaction,92,87
clp_high_sun,aws_temp_roll_180m_mean,91,76
clp_high_sun,clp_cth_roll_180m_mean,90,130
clp_high_sun,clp_ctt_k,89,97
clp_high_sun,ghi_roll_60m_max,86,86
clp_high_sun,synop_wind_dir_deg,83,119
clp_high_sun,ghi_roll_180m_range,83,64
clp_high_sun,dni_roll_180m_mean,79,85
clp_high_sun,synop_temp_c,79,79
clp_high_sun,ghi_lag_180m,74,82
clp_high_sun,clp_cth_delta_60m,72,100
clp_high_sun,ghi_roll_30m_max,71,90
clp_high_sun,clp_cth_delta_180m,67,103
clp_high_sun,clp_cot_lag_60m,66,81
clp_high_sun,aws_rain_sum_180m,65,64
clp_high_sun,ghi_roll_180m_min,64,95
clp_high_sun,aws_rh_roll_180m_mean,63,106
clp_high_sun,dhi_lag_60m,58,64
clp_high_sun,ghi_to_aws_sr_ratio,58,15
clp_high_sun,aws_rh_lag_60m,54,66
clp_high_sun,wind_u,52,89
clp_high_sun,synop_rh_pct,52,72
clp_high_sun,synop_visibility,52,50
clp_high_sun,ghi_roll_60m_range,50,68
clp_high_sun,dni_lag_60m,50,57
clp_high_sun,wind_v,50,55
clp_high_sun,ghi_roll_180m_mean,50,51
clp_high_sun,dhi_fraction,49,79
clp_high_sun,dhi_now,49,53
clp_high_sun,ghi_roll_60m_min,49,50
clp_high_sun,aws_temp_min_c,49,42
clp_high_sun,aws_wd_deg,48,48
clp_high_sun,reflected_now,47,143
clp_high_sun,aws_temp_delta_60m,46,51
clp_high_sun,aws_ws_max,46,46
clp_high_sun,ghi_roll_60m_std,42,63
clp_high_sun,ghi_roll_60m_mean,41,22
clp_high_sun,aws_ws_avg,40,50
clp_high_sun,aws_rh_delta_60m,40,39
clp_high_sun,ghi_roll_30m_min,39,47
clp_high_sun,aws_temp_lag_60m,37,44
clp_high_sun,hour_cos,37,13
clp_high_sun,ghi_lag_120m,34,38
clp_high_sun,ghi_roll_30m_mean,31,27
clp_high_sun,ghi_delta_60m,30,91
clp_high_sun,clp_cth_lag_60m,29,59
clp_high_sun,aws_rain_mm,28,40
clp_high_sun,aws_sr_avg_w_m2,27,58
clp_high_sun,ghi_delta_10m,27,42
clp_high_sun,vpd_proxy,27,32
clp_high_sun,aws_rh_pct,26,34
clp_high_sun,ghi_lag_60m,26,26
clp_high_sun,ghi_roll_30m_std,24,42
clp_high_sun,aws_temp_c,23,31
clp_high_sun,asrs_n_obs_1min,23,23
clp_high_sun,ghi_ramp_ratio_60m,22,91
clp_high_sun,ghi_lag_10m,22,33
clp_high_sun,synop_wind_speed,22,30
clp_high_sun,aws_temp_max_c,17,23
clp_high_sun,solar_elev_sin_clip,16,13
clp_high_sun,ghi_lag_30m,14,18
clp_high_sun,clp_thick_cloud_flag,9,8
clp_high_sun,aws_temp_range,9,8
clp_high_sun,clp_thin_cloud_flag,5,11
clp_high_sun,diffuse_to_global_ratio,4,10
clp_high_sun,asrs_ok_obs,4,4
clp_high_sun,synop_solar_rad_24h,2,2
clp_high_sun,clp_moderate_cloud_flag,2,0
clp_high_sun,synop_rainfall_24h_mm,1,0
clp_high_sun,daylight_flag,0,0
clp_high_sun,sun_above_5deg_flag,0,0
clp_high_sun,clp_cloud_present,0,0
clp_high_sun,clp_clear_flag,0,0
clp_high_sun,cloud_opacity_proxy,0,0
very_high_sun,clp_cot,400,616
very_high_sun,solar_elev_deg,381,216
very_high_sun,hour_sin,235,256
very_high_sun,month_cos,178,160
very_high_sun,clp_cot_delta_180m,170,177
very_high_sun,dni_now,166,354
very_high_sun,clp_cot_delta_60m,160,150
very_high_sun,dni_fraction,153,103
very_high_sun,clp_cer,148,146
very_high_sun,month_sin,138,128
very_high_sun,synop_dewpoint_c,131,107
very_high_sun,ghi_now,121,115
very_high_sun,cloud_height_temp_interaction,120,140
very_high_sun,clp_cot_roll_180m_mean,113,116
very_high_sun,ghi_roll_180m_max,108,62
very_high_sun,aws_ws_roll_180m_mean,100,78
very_high_sun,dni_roll_180m_mean,96,69
very_high_sun,clp_cth_roll_180m_mean,95,87
very_high_sun,dhi_roll_180m_mean,95,83
very_high_sun,aws_pressure_lag_60m,93,80
very_high_sun,clp_cth_m,92,73
very_high_sun,solar_elev_sin,91,48
very_high_sun,ghi_roll_180m_std,90,60
very_high_sun,aws_temp_roll_180m_mean,87,53
very_high_sun,synop_temp_c,86,76
very_high_sun,ghi_roll_60m_max,84,38
very_high_sun,aws_pressure_hpa,82,99
very_high_sun,ghi_clear_proxy,81,589
very_high_sun,temp_rh_interaction,78,62
very_high_sun,synop_rh_pct,77,57
very_high_sun,ghi_roll_30m_max,73,51
very_high_sun,synop_wind_dir_deg,72,56
very_high_sun,ghi_roll_180m_mean,71,42
very_high_sun,clp_cth_delta_60m,68,62
very_high_sun,clp_ctt_k,67,77
very_high_sun,ghi_roll_180m_min,65,80
very_high_sun,nett_rad_now,65,77
very_high_sun,ghi_lag_180m,65,62
very_high_sun,clp_cth_delta_180m,64,73
very_high_sun,wind_u,61,65
very_high_sun,ghi_roll_180m_range,56,49
very_high_sun,aws_rh_roll_180m_mean,53,56
very_high_sun,ghi_roll_60m_min,52,43
very_high_sun,clp_cth_lag_60m,52,37
very_high_sun,dhi_now,51,35
very_high_sun,ghi_to_aws_sr_ratio,51,7
very_high_sun,aws_rh_lag_60m,48,43
very_high_sun,aws_rain_sum_180m,48,15
very_high_sun,synop_visibility,47,38
very_high_sun,wind_v,43,42
very_high_sun,dhi_lag_60m,43,28
very_high_sun,aws_temp_lag_60m,42,39
very_high_sun,reflected_now,37,153
very_high_sun,dhi_fraction,37,64
very_high_sun,clp_cot_lag_60m,37,34
very_high_sun,dni_lag_60m,37,29
very_high_sun,ghi_roll_30m_min,37,25
very_high_sun,aws_ws_max,37,21
very_high_sun,ghi_roll_30m_mean,37,12
very_high_sun,aws_ws_avg,36,35
very_high_sun,aws_temp_min_c,35,29
very_high_sun,ghi_roll_60m_range,34,51
very_high_sun,ghi_roll_60m_std,34,34
very_high_sun,aws_wd_deg,32,36
very_high_sun,ghi_lag_120m,29,18
very_high_sun,aws_rh_delta_60m,27,21
very_high_sun,aws_rh_pct,27,13
very_high_sun,ghi_delta_60m,26,54
very_high_sun,ghi_roll_60m_mean,26,14
very_high_sun,hour_cos,26,9
very_high_sun,aws_sr_avg_w_m2,23,25
very_high_sun,aws_temp_delta_60m,23,16
very_high_sun,vpd_proxy,23,16
very_high_sun,aws_rain_mm,21,14
very_high_sun,ghi_lag_60m,20,10
very_high_sun,ghi_roll_30m_std,17,13
very_high_sun,ghi_ramp_ratio_60m,16,83
very_high_sun,synop_wind_speed,16,26
very_high_sun,aws_temp_c,16,18
very_high_sun,clp_moderate_cloud_flag,11,20
very_high_sun,ghi_lag_10m,11,16
very_high_sun,ghi_lag_30m,11,12
very_high_sun,aws_temp_max_c,11,9
very_high_sun,clp_thick_cloud_flag,11,6
very_high_sun,ghi_delta_10m,10,14
very_high_sun,solar_elev_sin_clip,9,9
very_high_sun,aws_temp_range,9,2
very_high_sun,asrs_n_obs_1min,9,0
very_high_sun,asrs_ok_obs,8,2
very_high_sun,clp_thin_cloud_flag,5,5
very_high_sun,diffuse_to_global_ratio,3,7
very_high_sun,daylight_flag,0,0
very_high_sun,sun_above_5deg_flag,0,0
very_high_sun,clp_cloud_present,0,0
very_high_sun,clp_clear_flag,0,0
very_high_sun,synop_rainfall_24h_mm,0,0
very_high_sun,synop_solar_rad_24h,0,0
very_high_sun,cloud_opacity_proxy,0,0
clp_very_high_sun,clp_cot,447,779
clp_very_high_sun,solar_elev_deg,306,266
clp_very_high_sun,hour_sin,246,288
clp_very_high_sun,clp_cot_delta_180m,206,271
clp_very_high_sun,month_cos,188,231
clp_very_high_sun,clp_cer,179,234
clp_very_high_sun,dni_now,169,370
clp_very_high_sun,month_sin,165,196
clp_very_high_sun,clp_cot_delta_60m,164,257
clp_very_high_sun,solar_elev_sin,154,94
clp_very_high_sun,aws_pressure_hpa,145,195
clp_very_high_sun,ghi_roll_180m_max,136,146
clp_very_high_sun,ghi_now,136,134
clp_very_high_sun,aws_ws_roll_180m_mean,135,151
clp_very_high_sun,cloud_height_temp_interaction,134,188
clp_very_high_sun,dni_fraction,134,151
clp_very_high_sun,synop_dewpoint_c,130,159
clp_very_high_sun,ghi_roll_180m_std,129,143
clp_very_high_sun,clp_cot_roll_180m_mean,110,207
clp_very_high_sun,dni_roll_180m_mean,110,123
clp_very_high_sun,aws_pressure_lag_60m,104,151
clp_very_high_sun,clp_cth_m,104,124
clp_very_high_sun,clp_cth_delta_180m,100,132
clp_very_high_sun,synop_wind_dir_deg,98,142
clp_very_high_sun,clp_cth_roll_180m_mean,97,174
clp_very_high_sun,dhi_roll_180m_mean,93,105
clp_very_high_sun,synop_temp_c,92,144
clp_very_high_sun,ghi_roll_60m_max,85,98
clp_very_high_sun,clp_cth_delta_60m,83,108
clp_very_high_sun,clp_ctt_k,80,128
clp_very_high_sun,aws_temp_roll_180m_mean,80,118
clp_very_high_sun,temp_rh_interaction,78,140
clp_very_high_sun,aws_rh_roll_180m_mean,75,92
clp_very_high_sun,synop_rh_pct,75,85
clp_very_high_sun,dhi_now,74,64
clp_very_high_sun,ghi_roll_180m_range,72,103
clp_very_high_sun,nett_rad_now,72,101
clp_very_high_sun,wind_u,70,98
clp_very_high_sun,ghi_clear_proxy,68,669
clp_very_high_sun,ghi_lag_180m,68,84
clp_very_high_sun,ghi_roll_180m_min,66,122
clp_very_high_sun,ghi_roll_30m_max,65,88
clp_very_high_sun,ghi_roll_180m_mean,62,71
clp_very_high_sun,clp_cth_lag_60m,60,80
clp_very_high_sun,aws_rh_delta_60m,58,69
clp_very_high_sun,clp_cot_lag_60m,57,84
clp_very_high_sun,ghi_to_aws_sr_ratio,56,27
clp_very_high_sun,aws_temp_lag_60m,55,68
clp_very_high_sun,wind_v,52,90
clp_very_high_sun,ghi_roll_60m_range,51,87
clp_very_high_sun,aws_rain_sum_180m,51,58
clp_very_high_sun,synop_visibility,49,69
clp_very_high_sun,aws_rh_lag_60m,49,64
clp_very_high_sun,ghi_roll_30m_mean,49,28
clp_very_high_sun,ghi_roll_60m_min,48,86
clp_very_high_sun,dhi_lag_60m,46,100
clp_very_high_sun,dni_lag_60m,46,69
clp_very_high_sun,reflected_now,43,166
clp_very_high_sun,aws_ws_max,42,71
clp_very_high_sun,aws_temp_min_c,42,53
clp_very_high_sun,aws_wd_deg,41,81
clp_very_high_sun,aws_ws_avg,40,68
clp_very_high_sun,ghi_roll_30m_min,39,65
clp_very_high_sun,ghi_delta_60m,37,75
clp_very_high_sun,vpd_proxy,37,40
clp_very_high_sun,dhi_fraction,36,102
clp_very_high_sun,ghi_lag_120m,36,45
clp_very_high_sun,ghi_roll_60m_mean,35,24
clp_very_high_sun,aws_rh_pct,33,67
clp_very_high_sun,aws_temp_delta_60m,32,55
clp_very_high_sun,ghi_lag_60m,30,36
clp_very_high_sun,ghi_roll_60m_std,28,78
clp_very_high_sun,ghi_roll_30m_std,28,47
clp_very_high_sun,aws_sr_avg_w_m2,27,61
clp_very_high_sun,aws_rain_mm,26,45
clp_very_high_sun,solar_elev_sin_clip,26,17
clp_very_high_sun,hour_cos,24,15
clp_very_high_sun,aws_temp_c,23,31
clp_very_high_sun,ghi_ramp_ratio_60m,19,91
clp_very_high_sun,ghi_delta_10m,18,59
clp_very_high_sun,synop_wind_speed,18,44
clp_very_high_sun,aws_temp_max_c,16,32
clp_very_high_sun,ghi_lag_30m,14,21
clp_very_high_sun,clp_thick_cloud_flag,13,13
clp_very_high_sun,ghi_lag_10m,12,41
clp_very_high_sun,aws_temp_range,12,8
clp_very_high_sun,asrs_n_obs_1min,9,3
clp_very_high_sun,clp_thin_cloud_flag,6,11
clp_very_high_sun,diffuse_to_global_ratio,3,9
clp_very_high_sun,clp_moderate_cloud_flag,2,7
clp_very_high_sun,asrs_ok_obs,2,6
clp_very_high_sun,daylight_flag,0,0
clp_very_high_sun,sun_above_5deg_flag,0,0
clp_very_high_sun,clp_cloud_present,0,0
clp_very_high_sun,clp_clear_flag,0,0
clp_very_high_sun,synop_rainfall_24h_mm,0,0
clp_very_high_sun,synop_solar_rad_24h,0,0
clp_very_high_sun,cloud_opacity_proxy,0,0
seg_solar_low_sun,aws_ws_roll_180m_mean,265,304
seg_solar_low_sun,aws_pressure_lag_60m,230,272
seg_solar_low_sun,ghi_clear_proxy,227,321
seg_solar_low_sun,aws_rh_roll_180m_mean,164,184
seg_solar_low_sun,month_cos,160,173
seg_solar_low_sun,ghi_ramp_ratio_60m,159,30
seg_solar_low_sun,clp_cot,154,185
seg_solar_low_sun,aws_rain_sum_180m,147,156
seg_solar_low_sun,aws_temp_lag_60m,142,187
seg_solar_low_sun,month_sin,134,162
seg_solar_low_sun,dni_fraction,133,138
seg_solar_low_sun,aws_pressure_hpa,129,143
seg_solar_low_sun,temp_rh_interaction,129,127
seg_solar_low_sun,aws_rh_lag_60m,128,146
seg_solar_low_sun,aws_temp_roll_180m_mean,125,181
seg_solar_low_sun,aws_wd_deg,112,120
seg_solar_low_sun,ghi_delta_10m,94,66
seg_solar_low_sun,wind_u,92,89
seg_solar_low_sun,aws_ws_max,92,78
seg_solar_low_sun,nett_rad_now,89,36
seg_solar_low_sun,dhi_fraction,88,95
seg_solar_low_sun,clp_cot_roll_180m_mean,83,92
seg_solar_low_sun,aws_temp_delta_60m,81,96
seg_solar_low_sun,aws_rain_mm,80,76
seg_solar_low_sun,dhi_now,80,66
seg_solar_low_sun,clp_cth_roll_180m_mean,75,108
seg_solar_low_sun,reflected_now,69,92
seg_solar_low_sun,aws_sr_avg_w_m2,69,76
seg_solar_low_sun,aws_rh_pct,69,55
seg_solar_low_sun,hour_sin,68,72
seg_solar_low_sun,clp_cer,67,63
seg_solar_low_sun,dhi_roll_180m_mean,61,58
seg_solar_low_sun,solar_elev_deg,59,56
seg_solar_low_sun,wind_v,56,81
seg_solar_low_sun,ghi_lag_30m,56,43
seg_solar_low_sun,ghi_roll_30m_std,54,71
seg_solar_low_sun,aws_temp_c,53,58
seg_solar_low_sun,vpd_proxy,52,69
seg_solar_low_sun,ghi_to_aws_sr_ratio,51,70
seg_solar_low_sun,clp_cot_delta_180m,51,68
seg_solar_low_sun,aws_rh_delta_60m,50,60
seg_solar_low_sun,aws_ws_avg,48,76
seg_solar_low_sun,aws_temp_max_c,40,49
seg_solar_low_sun,synop_rh_pct,39,46
seg_solar_low_sun,ghi_roll_60m_range,39,34
seg_solar_low_sun,ghi_roll_60m_min,34,52
seg_solar_low_sun,dni_now,33,83
seg_solar_low_sun,aws_temp_min_c,33,39
seg_solar_low_sun,synop_rainfall_24h_mm,31,64
seg_solar_low_sun,ghi_roll_30m_min,31,45
seg_solar_low_sun,solar_elev_sin_clip,31,18
seg_solar_low_sun,cloud_height_temp_interaction,30,43
seg_solar_low_sun,synop_temp_c,30,23
seg_solar_low_sun,synop_solar_rad_24h,28,44
seg_solar_low_sun,clp_cth_m,27,36
seg_solar_low_sun,aws_temp_range,24,27
seg_solar_low_sun,hour_cos,24,3
seg_solar_low_sun,ghi_roll_30m_mean,23,20
seg_solar_low_sun,solar_elev_sin,17,24
seg_solar_low_sun,clp_cth_delta_180m,16,23
seg_solar_low_sun,ghi_delta_60m,16,16
seg_solar_low_sun,clp_ctt_k,14,37
seg_solar_low_sun,ghi_roll_180m_std,13,16
seg_solar_low_sun,ghi_lag_10m,13,9
seg_solar_low_sun,dni_roll_180m_mean,12,18
seg_solar_low_sun,synop_wind_dir_deg,11,27
seg_solar_low_sun,ghi_roll_60m_mean,10,19
seg_solar_low_sun,ghi_now,9,475
seg_solar_low_sun,ghi_roll_60m_std,9,44
seg_solar_low_sun,ghi_roll_30m_max,8,19
seg_solar_low_sun,ghi_roll_180m_max,8,13
seg_solar_low_sun,ghi_lag_180m,8,9
seg_solar_low_sun,synop_visibility,7,13
seg_solar_low_sun,ghi_roll_60m_max,7,11
seg_solar_low_sun,synop_dewpoint_c,7,5
seg_solar_low_sun,ghi_lag_60m,6,8
seg_solar_low_sun,ghi_roll_180m_mean,5,20
seg_solar_low_sun,clp_clear_flag,4,5
seg_solar_low_sun,clp_thick_cloud_flag,4,5
seg_solar_low_sun,ghi_lag_120m,3,9
seg_solar_low_sun,diffuse_to_global_ratio,3,7
seg_solar_low_sun,clp_moderate_cloud_flag,2,4
seg_solar_low_sun,dhi_lag_60m,2,0
seg_solar_low_sun,synop_wind_speed,1,3
seg_solar_low_sun,dni_lag_60m,1,2
seg_solar_low_sun,ghi_roll_180m_range,1,2
seg_solar_low_sun,clp_cloud_present,1,0
seg_solar_low_sun,ghi_roll_180m_min,0,42
seg_solar_low_sun,daylight_flag,0,0
seg_solar_low_sun,sun_above_5deg_flag,0,0
seg_solar_low_sun,asrs_n_obs_1min,0,0
seg_solar_low_sun,asrs_ok_obs,0,0
seg_solar_low_sun,clp_thin_cloud_flag,0,0
seg_solar_low_sun,clp_cot_lag_60m,0,0
seg_solar_low_sun,clp_cth_lag_60m,0,0
seg_solar_low_sun,clp_cot_delta_60m,0,0
seg_solar_low_sun,clp_cth_delta_60m,0,0
seg_solar_low_sun,cloud_opacity_proxy,0,0
seg_solar_medium_sun,clp_cot,343,319
seg_solar_medium_sun,solar_elev_deg,271,90
seg_solar_medium_sun,clp_cot_delta_180m,164,163
seg_solar_medium_sun,month_cos,143,167
seg_solar_medium_sun,aws_rain_sum_180m,138,176
seg_solar_medium_sun,aws_ws_roll_180m_mean,138,162
seg_solar_medium_sun,dhi_roll_180m_mean,133,129
seg_solar_medium_sun,temp_rh_interaction,122,136
seg_solar_medium_sun,clp_cot_roll_180m_mean,118,169
seg_solar_medium_sun,aws_pressure_lag_60m,118,159
seg_solar_medium_sun,dni_now,110,288
seg_solar_medium_sun,synop_wind_dir_deg,110,110
seg_solar_medium_sun,clp_cth_roll_180m_mean,106,117
seg_solar_medium_sun,clp_cer,104,154
seg_solar_medium_sun,solar_elev_sin,101,56
seg_solar_medium_sun,nett_rad_now,99,101
seg_solar_medium_sun,aws_pressure_hpa,94,158
seg_solar_medium_sun,ghi_now,93,67
seg_solar_medium_sun,ghi_to_aws_sr_ratio,90,59
seg_solar_medium_sun,clp_cot_delta_60m,87,106
seg_solar_medium_sun,dni_fraction,87,105
seg_solar_medium_sun,ghi_lag_180m,86,82
seg_solar_medium_sun,synop_solar_rad_24h,85,102
seg_solar_medium_sun,synop_dewpoint_c,84,105
seg_solar_medium_sun,cloud_height_temp_interaction,83,87
seg_solar_medium_sun,month_sin,81,109
seg_solar_medium_sun,aws_temp_delta_60m,81,106
seg_solar_medium_sun,clp_cth_delta_180m,73,101
seg_solar_medium_sun,synop_temp_c,69,78
seg_solar_medium_sun,clp_ctt_k,68,95
seg_solar_medium_sun,dhi_now,68,46
seg_solar_medium_sun,dhi_lag_60m,68,45
seg_solar_medium_sun,ghi_delta_60m,66,153
seg_solar_medium_sun,aws_rh_lag_60m,64,84
seg_solar_medium_sun,dni_roll_180m_mean,62,69
seg_solar_medium_sun,aws_rh_roll_180m_mean,61,97
seg_solar_medium_sun,clp_cth_m,61,64
seg_solar_medium_sun,synop_visibility,59,87
seg_solar_medium_sun,wind_u,59,68
seg_solar_medium_sun,aws_wd_deg,57,79
seg_solar_medium_sun,synop_rh_pct,54,81
seg_solar_medium_sun,ghi_ramp_ratio_60m,51,106
seg_solar_medium_sun,reflected_now,50,134
seg_solar_medium_sun,hour_sin,50,32
seg_solar_medium_sun,asrs_n_obs_1min,49,40
seg_solar_medium_sun,ghi_roll_180m_mean,49,32
seg_solar_medium_sun,synop_rainfall_24h_mm,48,54
seg_solar_medium_sun,ghi_clear_proxy,47,598
seg_solar_medium_sun,aws_temp_lag_60m,47,56
seg_solar_medium_sun,wind_v,44,65
seg_solar_medium_sun,dni_lag_60m,43,61
seg_solar_medium_sun,ghi_lag_120m,43,36
seg_solar_medium_sun,dhi_fraction,42,90
seg_solar_medium_sun,clp_cot_lag_60m,42,57
seg_solar_medium_sun,ghi_roll_60m_min,42,37
seg_solar_medium_sun,aws_ws_max,42,36
seg_solar_medium_sun,aws_temp_roll_180m_mean,41,69
seg_solar_medium_sun,aws_rh_delta_60m,41,53
seg_solar_medium_sun,ghi_delta_10m,38,44
seg_solar_medium_sun,clp_cth_delta_60m,37,70
seg_solar_medium_sun,ghi_roll_30m_max,37,20
seg_solar_medium_sun,ghi_lag_60m,36,27
seg_solar_medium_sun,ghi_roll_60m_max,35,28
seg_solar_medium_sun,ghi_roll_30m_mean,35,22
seg_solar_medium_sun,ghi_roll_60m_std,34,63
seg_solar_medium_sun,ghi_roll_30m_std,32,47
seg_solar_medium_sun,aws_ws_avg,27,47
seg_solar_medium_sun,ghi_roll_60m_mean,27,14
seg_solar_medium_sun,aws_rh_pct,26,30
seg_solar_medium_sun,ghi_roll_180m_std,26,22
seg_solar_medium_sun,ghi_lag_30m,25,26
seg_solar_medium_sun,ghi_roll_60m_range,24,39
seg_solar_medium_sun,ghi_roll_180m_range,24,33
seg_solar_medium_sun,clp_cth_lag_60m,23,42
seg_solar_medium_sun,aws_temp_min_c,23,25
seg_solar_medium_sun,vpd_proxy,23,19
seg_solar_medium_sun,ghi_roll_180m_max,22,29
seg_solar_medium_sun,synop_wind_speed,21,32
seg_solar_medium_sun,aws_temp_c,17,29
seg_solar_medium_sun,ghi_roll_30m_min,14,32
seg_solar_medium_sun,solar_elev_sin_clip,14,8
seg_solar_medium_sun,aws_sr_avg_w_m2,13,58
seg_solar_medium_sun,aws_temp_max_c,11,17
seg_solar_medium_sun,clp_moderate_cloud_flag,8,15
seg_solar_medium_sun,ghi_lag_10m,7,26
seg_solar_medium_sun,diffuse_to_global_ratio,6,12
seg_solar_medium_sun,ghi_roll_180m_min,4,79
seg_solar_medium_sun,clp_thin_cloud_flag,3,3
seg_solar_medium_sun,clp_thick_cloud_flag,3,1
seg_solar_medium_sun,aws_temp_range,2,9
seg_solar_medium_sun,asrs_ok_obs,2,2
seg_solar_medium_sun,aws_rain_mm,1,3
seg_solar_medium_sun,hour_cos,1,2
seg_solar_medium_sun,daylight_flag,0,0
seg_solar_medium_sun,sun_above_5deg_flag,0,0
seg_solar_medium_sun,clp_cloud_present,0,0
seg_solar_medium_sun,clp_clear_flag,0,0
seg_solar_medium_sun,cloud_opacity_proxy,0,0
seg_solar_high_sun,clp_cot,467,716
seg_solar_high_sun,solar_elev_deg,397,333
seg_solar_high_sun,hour_sin,232,249
seg_solar_high_sun,month_cos,230,225
seg_solar_high_sun,clp_cot_delta_180m,199,294
seg_solar_high_sun,dni_now,189,416
seg_solar_high_sun,dni_fraction,183,152
seg_solar_high_sun,clp_cot_delta_60m,181,218
seg_solar_high_sun,clp_cer,178,218
seg_solar_high_sun,month_sin,163,178
seg_solar_high_sun,synop_dewpoint_c,159,172
seg_solar_high_sun,ghi_roll_180m_max,144,160
seg_solar_high_sun,clp_cot_roll_180m_mean,142,231
seg_solar_high_sun,ghi_now,131,133
seg_solar_high_sun,ghi_roll_180m_std,125,117
seg_solar_high_sun,dni_roll_180m_mean,125,110
seg_solar_high_sun,aws_pressure_hpa,122,157
seg_solar_high_sun,cloud_height_temp_interaction,121,142
seg_solar_high_sun,synop_temp_c,119,170
seg_solar_high_sun,clp_cth_roll_180m_mean,118,157
seg_solar_high_sun,aws_pressure_lag_60m,114,147
seg_solar_high_sun,aws_temp_roll_180m_mean,112,133
seg_solar_high_sun,aws_ws_roll_180m_mean,111,129
seg_solar_high_sun,ghi_clear_proxy,107,647
seg_solar_high_sun,temp_rh_interaction,103,150
seg_solar_high_sun,clp_cth_m,101,114
seg_solar_high_sun,aws_rh_roll_180m_mean,100,123
seg_solar_high_sun,dhi_roll_180m_mean,97,145
seg_solar_high_sun,synop_wind_dir_deg,93,139
seg_solar_high_sun,nett_rad_now,89,152
seg_solar_high_sun,clp_cth_delta_180m,85,103
seg_solar_high_sun,ghi_roll_180m_range,85,99
seg_solar_high_sun,ghi_roll_30m_max,82,113
seg_solar_high_sun,ghi_roll_60m_max,82,81
seg_solar_high_sun,clp_cth_delta_60m,80,119
seg_solar_high_sun,clp_ctt_k,77,127
seg_solar_high_sun,ghi_roll_60m_min,76,80
seg_solar_high_sun,ghi_lag_180m,74,88
seg_solar_high_sun,wind_u,73,101
seg_solar_high_sun,synop_rh_pct,73,97
seg_solar_high_sun,ghi_roll_180m_mean,73,90
seg_solar_high_sun,dhi_now,71,56
seg_solar_high_sun,ghi_to_aws_sr_ratio,69,22
seg_solar_high_sun,aws_temp_min_c,66,64
seg_solar_high_sun,ghi_roll_180m_min,62,107
seg_solar_high_sun,synop_visibility,62,66
seg_solar_high_sun,solar_elev_sin,62,51
seg_solar_high_sun,clp_cot_lag_60m,60,90
seg_solar_high_sun,aws_temp_lag_60m,58,53
seg_solar_high_sun,clp_cth_lag_60m,57,79
seg_solar_high_sun,aws_rh_lag_60m,53,70
seg_solar_high_sun,wind_v,52,66
seg_solar_high_sun,dni_lag_60m,50,62
seg_solar_high_sun,dhi_fraction,47,102
seg_solar_high_sun,ghi_roll_60m_range,44,91
seg_solar_high_sun,ghi_lag_120m,43,51
seg_solar_high_sun,aws_ws_avg,42,60
seg_solar_high_sun,ghi_roll_30m_min,42,46
seg_solar_high_sun,dhi_lag_60m,41,54
seg_solar_high_sun,aws_temp_delta_60m,40,58
seg_solar_high_sun,aws_rh_pct,40,46
seg_solar_high_sun,aws_wd_deg,38,65
seg_solar_high_sun,aws_rain_sum_180m,36,43
seg_solar_high_sun,hour_cos,36,17
seg_solar_high_sun,aws_ws_max,35,49
seg_solar_high_sun,aws_rh_delta_60m,34,56
seg_solar_high_sun,aws_temp_c,34,40
seg_solar_high_sun,ghi_lag_60m,32,33
seg_solar_high_sun,ghi_roll_30m_mean,32,32
seg_solar_high_sun,ghi_roll_60m_std,31,57
seg_solar_high_sun,ghi_roll_60m_mean,29,31
seg_solar_high_sun,synop_wind_speed,28,58
seg_solar_high_sun,vpd_proxy,28,40
seg_solar_high_sun,aws_sr_avg_w_m2,27,86
seg_solar_high_sun,ghi_delta_60m,25,77
seg_solar_high_sun,ghi_roll_30m_std,25,42
seg_solar_high_sun,aws_rain_mm,24,34
seg_solar_high_sun,ghi_delta_10m,23,39
seg_solar_high_sun,ghi_ramp_ratio_60m,22,92
seg_solar_high_sun,reflected_now,19,163
seg_solar_high_sun,asrs_n_obs_1min,18,0
seg_solar_high_sun,clp_moderate_cloud_flag,17,31
seg_solar_high_sun,ghi_lag_10m,16,27
seg_solar_high_sun,ghi_lag_30m,13,23
seg_solar_high_sun,aws_temp_max_c,11,39
seg_solar_high_sun,solar_elev_sin_clip,11,7
seg_solar_high_sun,clp_thick_cloud_flag,10,6
seg_solar_high_sun,asrs_ok_obs,8,6
seg_solar_high_sun,aws_temp_range,7,15
seg_solar_high_sun,diffuse_to_global_ratio,5,16
seg_solar_high_sun,clp_thin_cloud_flag,3,7
seg_solar_high_sun,daylight_flag,0,0
seg_solar_high_sun,sun_above_5deg_flag,0,0
seg_solar_high_sun,clp_cloud_present,0,0
seg_solar_high_sun,clp_clear_flag,0,0
seg_solar_high_sun,synop_rainfall_24h_mm,0,0
seg_solar_high_sun,synop_solar_rad_24h,0,0
seg_solar_high_sun,cloud_opacity_proxy,0,0
seg_hour_morning,clp_cot,341,259
seg_hour_morning,clp_cot_delta_180m,196,151
seg_hour_morning,month_cos,161,111
seg_hour_morning,clp_cot_roll_180m_mean,149,95
seg_hour_morning,clp_cot_delta_60m,143,127
seg_hour_morning,synop_wind_dir_deg,103,86
seg_hour_morning,synop_dewpoint_c,100,125
seg_hour_morning,dhi_roll_180m_mean,99,111
seg_hour_morning,ghi_clear_proxy,92,332
seg_hour_morning,aws_pressure_lag_60m,84,42
seg_hour_morning,aws_rain_sum_180m,83,67
seg_hour_morning,clp_cer,83,59
seg_hour_morning,ghi_now,82,54
seg_hour_morning,clp_cth_roll_180m_mean,82,46
seg_hour_morning,ghi_lag_120m,81,54
seg_hour_morning,temp_rh_interaction,79,71
seg_hour_morning,dni_now,78,135
seg_hour_morning,nett_rad_now,71,10
seg_hour_morning,ghi_roll_180m_mean,69,21
seg_hour_morning,aws_ws_roll_180m_mean,68,71
seg_hour_morning,clp_cth_lag_60m,68,58
seg_hour_morning,synop_temp_c,66,63
seg_hour_morning,month_sin,65,71
seg_hour_morning,cloud_height_temp_interaction,63,59
seg_hour_morning,aws_pressure_hpa,62,53
seg_hour_morning,aws_temp_delta_60m,60,20
seg_hour_morning,wind_u,58,43
seg_hour_morning,dni_fraction,56,69
seg_hour_morning,dhi_fraction,55,59
seg_hour_morning,synop_visibility,55,38
seg_hour_morning,dhi_lag_60m,55,23
seg_hour_morning,ghi_roll_60m_mean,55,14
seg_hour_morning,dhi_now,55,12
seg_hour_morning,solar_elev_deg,53,21
seg_hour_morning,ghi_roll_180m_max,52,14
seg_hour_morning,ghi_roll_180m_std,51,31
seg_hour_morning,synop_rh_pct,51,28
seg_hour_morning,aws_rh_roll_180m_mean,47,30
seg_hour_morning,aws_ws_avg,47,25
seg_hour_morning,clp_cth_delta_180m,46,35
seg_hour_morning,aws_rh_lag_60m,46,22
seg_hour_morning,solar_elev_sin_clip,46,8
seg_hour_morning,clp_cot_lag_60m,45,46
seg_hour_morning,ghi_roll_180m_range,44,8
seg_hour_morning,aws_ws_max,42,32
seg_hour_morning,clp_cth_delta_60m,40,37
seg_hour_morning,clp_ctt_k,40,33
seg_hour_morning,ghi_roll_30m_max,40,15
seg_hour_morning,ghi_lag_60m,38,14
seg_hour_morning,ghi_roll_60m_range,35,63
seg_hour_morning,ghi_roll_60m_min,35,18
seg_hour_morning,aws_rh_delta_60m,34,15
seg_hour_morning,aws_rh_pct,33,12
seg_hour_morning,ghi_ramp_ratio_60m,32,73
seg_hour_morning,ghi_roll_60m_max,32,21
seg_hour_morning,aws_wd_deg,31,20
seg_hour_morning,dni_lag_60m,30,36
seg_hour_morning,ghi_roll_30m_std,29,28
seg_hour_morning,reflected_now,28,64
seg_hour_morning,ghi_delta_10m,28,39
seg_hour_morning,aws_temp_roll_180m_mean,28,23
seg_hour_morning,vpd_proxy,28,11
seg_hour_morning,solar_elev_sin,28,6
seg_hour_morning,ghi_roll_60m_std,27,34
seg_hour_morning,clp_cth_m,27,30
seg_hour_morning,wind_v,27,14
seg_hour_morning,aws_rain_mm,26,22
seg_hour_morning,ghi_to_aws_sr_ratio,24,10
seg_hour_morning,ghi_delta_60m,23,111
seg_hour_morning,aws_temp_min_c,23,26
seg_hour_morning,synop_wind_speed,22,26
seg_hour_morning,ghi_roll_30m_min,22,17
seg_hour_morning,ghi_roll_30m_mean,21,16
seg_hour_morning,aws_temp_lag_60m,21,11
seg_hour_morning,dni_roll_180m_mean,19,23
seg_hour_morning,aws_temp_max_c,18,15
seg_hour_morning,ghi_lag_180m,17,28
seg_hour_morning,clp_moderate_cloud_flag,15,19
seg_hour_morning,clp_thick_cloud_flag,14,7
seg_hour_morning,ghi_roll_180m_min,13,22
seg_hour_morning,aws_temp_c,12,8
seg_hour_morning,aws_sr_avg_w_m2,12,8
seg_hour_morning,aws_temp_range,11,6
seg_hour_morning,clp_thin_cloud_flag,11,5
seg_hour_morning,ghi_lag_10m,10,7
seg_hour_morning,synop_rainfall_24h_mm,9,2
seg_hour_morning,ghi_lag_30m,7,14
seg_hour_morning,synop_solar_rad_24h,6,7
seg_hour_morning,diffuse_to_global_ratio,6,3
seg_hour_morning,hour_sin,1,2
seg_hour_morning,hour_cos,0,0
seg_hour_morning,daylight_flag,0,0
seg_hour_morning,sun_above_5deg_flag,0,0
seg_hour_morning,asrs_n_obs_1min,0,0
seg_hour_morning,asrs_ok_obs,0,0
seg_hour_morning,clp_cloud_present,0,0
seg_hour_morning,clp_clear_flag,0,0
seg_hour_morning,cloud_opacity_proxy,0,0
seg_hour_midday,clp_cot,312,558
seg_hour_midday,solar_elev_deg,225,145
seg_hour_midday,hour_sin,163,193
seg_hour_midday,month_cos,146,152
seg_hour_midday,clp_cot_delta_180m,123,185
seg_hour_midday,clp_cer,117,174
seg_hour_midday,month_sin,117,142
seg_hour_midday,aws_ws_roll_180m_mean,94,110
seg_hour_midday,synop_temp_c,92,120
seg_hour_midday,synop_dewpoint_c,92,106
seg_hour_midday,dni_fraction,89,85
seg_hour_midday,aws_pressure_hpa,87,100
seg_hour_midday,clp_ctt_k,82,88
seg_hour_midday,dni_now,77,277
seg_hour_midday,aws_temp_roll_180m_mean,76,70
seg_hour_midday,cloud_height_temp_interaction,74,85
seg_hour_midday,clp_cot_delta_60m,72,123
seg_hour_midday,dni_roll_180m_mean,62,78
seg_hour_midday,ghi_roll_180m_range,62,64
seg_hour_midday,ghi_now,59,91
seg_hour_midday,dhi_now,59,27
seg_hour_midday,aws_pressure_lag_60m,58,98
seg_hour_midday,ghi_roll_180m_max,58,86
seg_hour_midday,ghi_roll_30m_max,58,61
seg_hour_midday,clp_cth_roll_180m_mean,57,96
seg_hour_midday,clp_cth_m,56,84
seg_hour_midday,dhi_roll_180m_mean,50,78
seg_hour_midday,ghi_roll_180m_std,50,69
seg_hour_midday,ghi_roll_180m_min,49,72
seg_hour_midday,aws_rh_roll_180m_mean,48,64
seg_hour_midday,clp_cth_delta_180m,47,90
seg_hour_midday,wind_u,45,48
seg_hour_midday,temp_rh_interaction,44,68
seg_hour_midday,ghi_lag_180m,38,55
seg_hour_midday,aws_temp_lag_60m,38,50
seg_hour_midday,reflected_now,37,136
seg_hour_midday,ghi_roll_60m_max,37,42
seg_hour_midday,wind_v,37,42
seg_hour_midday,solar_elev_sin,34,32
seg_hour_midday,ghi_roll_60m_min,33,52
seg_hour_midday,ghi_to_aws_sr_ratio,33,8
seg_hour_midday,nett_rad_now,32,138
seg_hour_midday,clp_cot_roll_180m_mean,31,75
seg_hour_midday,dni_lag_60m,31,42
seg_hour_midday,synop_rh_pct,30,59
seg_hour_midday,synop_wind_dir_deg,29,77
seg_hour_midday,dhi_fraction,28,61
seg_hour_midday,dhi_lag_60m,28,27
seg_hour_midday,aws_temp_min_c,27,31
seg_hour_midday,synop_visibility,25,42
seg_hour_midday,ghi_roll_180m_mean,24,51
seg_hour_midday,aws_wd_deg,24,34
seg_hour_midday,ghi_roll_30m_min,23,30
seg_hour_midday,ghi_clear_proxy,22,373
seg_hour_midday,clp_cth_delta_60m,22,50
seg_hour_midday,aws_temp_delta_60m,22,23
seg_hour_midday,aws_rh_delta_60m,22,23
seg_hour_midday,clp_cot_lag_60m,21,50
seg_hour_midday,clp_cth_lag_60m,20,34
seg_hour_midday,ghi_lag_120m,20,26
seg_hour_midday,aws_rain_sum_180m,17,26
seg_hour_midday,aws_temp_c,17,23
seg_hour_midday,ghi_delta_60m,17,22
seg_hour_midday,ghi_roll_60m_mean,16,26
seg_hour_midday,aws_rh_lag_60m,16,17
seg_hour_midday,ghi_roll_60m_range,15,43
seg_hour_midday,ghi_roll_30m_mean,15,22
seg_hour_midday,ghi_roll_60m_std,14,33
seg_hour_midday,aws_rh_pct,14,21
seg_hour_midday,synop_wind_speed,13,25
seg_hour_midday,asrs_ok_obs,13,1
seg_hour_midday,aws_ws_avg,11,16
seg_hour_midday,aws_sr_avg_w_m2,9,35
seg_hour_midday,aws_temp_max_c,9,15
seg_hour_midday,clp_thick_cloud_flag,9,8
seg_hour_midday,vpd_proxy,8,23
seg_hour_midday,aws_ws_max,8,16
seg_hour_midday,ghi_roll_30m_std,8,13
seg_hour_midday,ghi_lag_60m,7,7
seg_hour_midday,ghi_lag_30m,7,6
seg_hour_midday,solar_elev_sin_clip,7,6
seg_hour_midday,ghi_lag_10m,6,15
seg_hour_midday,asrs_n_obs_1min,6,2
seg_hour_midday,ghi_ramp_ratio_60m,5,60
seg_hour_midday,ghi_delta_10m,5,12
seg_hour_midday,aws_temp_range,5,7
seg_hour_midday,diffuse_to_global_ratio,4,11
seg_hour_midday,clp_moderate_cloud_flag,4,9
seg_hour_midday,aws_rain_mm,4,7
seg_hour_midday,hour_cos,2,8
seg_hour_midday,clp_thin_cloud_flag,1,5
seg_hour_midday,daylight_flag,0,0
seg_hour_midday,sun_above_5deg_flag,0,0
seg_hour_midday,clp_cloud_present,0,0
seg_hour_midday,clp_clear_flag,0,0
seg_hour_midday,synop_rainfall_24h_mm,0,0
seg_hour_midday,synop_solar_rad_24h,0,0
seg_hour_midday,cloud_opacity_proxy,0,0
seg_hour_afternoon,solar_elev_deg,335,374
seg_hour_afternoon,clp_cot,276,323
seg_hour_afternoon,solar_elev_sin_clip,238,186
seg_hour_afternoon,ghi_roll_180m_max,177,271
seg_hour_afternoon,dni_now,175,423
seg_hour_afternoon,dni_fraction,157,103
seg_hour_afternoon,dni_roll_180m_mean,156,180
seg_hour_afternoon,solar_elev_sin,144,113
seg_hour_afternoon,clp_cer,138,171
seg_hour_afternoon,clp_cth_delta_60m,134,178
seg_hour_afternoon,clp_cot_delta_180m,128,172
seg_hour_afternoon,aws_rh_roll_180m_mean,126,159
seg_hour_afternoon,month_sin,123,170
seg_hour_afternoon,dhi_roll_180m_mean,120,157
seg_hour_afternoon,month_cos,119,106
seg_hour_afternoon,aws_ws_roll_180m_mean,117,170
seg_hour_afternoon,ghi_roll_180m_std,117,154
seg_hour_afternoon,ghi_lag_180m,114,151
seg_hour_afternoon,temp_rh_interaction,114,147
seg_hour_afternoon,nett_rad_now,114,98
seg_hour_afternoon,ghi_now,113,203
seg_hour_afternoon,clp_cth_roll_180m_mean,112,182
seg_hour_afternoon,ghi_roll_180m_min,102,242
seg_hour_afternoon,synop_dewpoint_c,102,150
seg_hour_afternoon,aws_pressure_lag_60m,100,125
seg_hour_afternoon,aws_pressure_hpa,98,130
seg_hour_afternoon,synop_temp_c,97,114
seg_hour_afternoon,clp_cth_m,90,110
seg_hour_afternoon,clp_ctt_k,89,120
seg_hour_afternoon,synop_wind_dir_deg,89,98
seg_hour_afternoon,aws_temp_roll_180m_mean,86,126
seg_hour_afternoon,ghi_roll_180m_range,86,112
seg_hour_afternoon,dni_lag_60m,85,111
seg_hour_afternoon,ghi_to_aws_sr_ratio,84,42
seg_hour_afternoon,clp_cth_delta_180m,80,93
seg_hour_afternoon,ghi_roll_60m_max,75,161
seg_hour_afternoon,dhi_now,74,97
seg_hour_afternoon,ghi_roll_60m_min,74,68
seg_hour_afternoon,ghi_clear_proxy,73,568
seg_hour_afternoon,clp_cot_roll_180m_mean,71,127
seg_hour_afternoon,clp_cot_delta_60m,71,125
seg_hour_afternoon,ghi_roll_60m_range,68,94
seg_hour_afternoon,clp_cot_lag_60m,67,121
seg_hour_afternoon,aws_rh_lag_60m,66,72
seg_hour_afternoon,ghi_roll_30m_max,65,98
seg_hour_afternoon,cloud_height_temp_interaction,63,104
seg_hour_afternoon,wind_v,63,77
seg_hour_afternoon,dhi_fraction,62,81
seg_hour_afternoon,clp_cth_lag_60m,62,67
seg_hour_afternoon,ghi_roll_30m_std,60,100
seg_hour_afternoon,asrs_n_obs_1min,58,58
seg_hour_afternoon,ghi_roll_60m_std,55,96
seg_hour_afternoon,synop_visibility,55,58
seg_hour_afternoon,ghi_delta_60m,53,102
seg_hour_afternoon,ghi_roll_30m_min,53,52
seg_hour_afternoon,ghi_lag_120m,52,80
seg_hour_afternoon,wind_u,51,110
seg_hour_afternoon,synop_wind_speed,49,45
seg_hour_afternoon,dhi_lag_60m,48,101
seg_hour_afternoon,aws_rh_delta_60m,44,70
seg_hour_afternoon,aws_wd_deg,44,53
seg_hour_afternoon,reflected_now,43,167
seg_hour_afternoon,ghi_roll_180m_mean,42,89
seg_hour_afternoon,aws_temp_delta_60m,40,28
seg_hour_afternoon,ghi_roll_60m_mean,39,49
seg_hour_afternoon,aws_rh_pct,37,66
seg_hour_afternoon,ghi_roll_30m_mean,37,33
seg_hour_afternoon,ghi_lag_60m,36,38
seg_hour_afternoon,aws_temp_min_c,35,52
seg_hour_afternoon,vpd_proxy,33,53
seg_hour_afternoon,synop_rh_pct,32,65
seg_hour_afternoon,ghi_delta_10m,31,56
seg_hour_afternoon,aws_temp_lag_60m,28,44
seg_hour_afternoon,ghi_ramp_ratio_60m,24,81
seg_hour_afternoon,aws_temp_c,24,35
seg_hour_afternoon,aws_sr_avg_w_m2,23,60
seg_hour_afternoon,aws_ws_avg,22,40
seg_hour_afternoon,aws_ws_max,21,54
seg_hour_afternoon,clp_moderate_cloud_flag,20,15
seg_hour_afternoon,hour_sin,18,42
seg_hour_afternoon,aws_temp_max_c,17,27
seg_hour_afternoon,ghi_lag_30m,14,44
seg_hour_afternoon,ghi_lag_10m,14,34
seg_hour_afternoon,aws_temp_range,10,23
seg_hour_afternoon,diffuse_to_global_ratio,7,15
seg_hour_afternoon,aws_rain_sum_180m,7,5
seg_hour_afternoon,hour_cos,5,7
seg_hour_afternoon,aws_rain_mm,4,4
seg_hour_afternoon,asrs_ok_obs,4,1
seg_hour_afternoon,clp_thick_cloud_flag,2,3
seg_hour_afternoon,sun_above_5deg_flag,0,1
seg_hour_afternoon,daylight_flag,0,0
seg_hour_afternoon,clp_cloud_present,0,0
seg_hour_afternoon,clp_clear_flag,0,0
seg_hour_afternoon,clp_thin_cloud_flag,0,0
seg_hour_afternoon,synop_rainfall_24h_mm,0,0
seg_hour_afternoon,synop_solar_rad_24h,0,0
seg_hour_afternoon,cloud_opacity_proxy,0,0
