model,n_rows,mae,rmse,r2,mbe,skill_vs_persistence,experiment,test_rows
lgbm_residual,4350,28.457842639338473,49.82350332078758,0.8185338990128078,7.1270938934507315,0.599325270395435,seg_solar_low_sun,4350
lgbm_direct,4350,28.137223363874142,50.523904167751816,0.813396068136547,3.1557928206615395,0.5936927295007222,seg_solar_low_sun,4350
blend_30persistence_70residual,4350,36.69232447778683,56.36654099563937,0.7677424961823163,-9.901588957343114,0.5467069341398648,seg_solar_low_sun,4350
blend_50persistence_50residual,4350,49.38046627693305,71.85999190416216,0.6225135971753216,-21.254044191205672,0.4221104316931188,seg_solar_low_sun,4350
lgbm_residual,8756,54.08616915125646,87.18304525045205,0.7872420632276838,-2.1255081068241535,0.5695084712882905,seg_hour_afternoon,8756
lgbm_direct,6030,59.19904034428073,87.92110297140381,0.8248689973446486,-2.688106540813909,0.5545675778105434,seg_solar_medium_sun,6030
lgbm_residual,6030,60.999439537255995,88.3809893013524,0.8230321005957663,-1.124074919969037,0.5522376675278273,seg_solar_medium_sun,6030
lgbm_direct,8756,55.267534132434044,90.66086665769093,0.7699292366007009,3.752406270887572,0.5523357211292702,seg_hour_afternoon,8756
blend_70persistence_30residual,4350,66.4645988792127,91.48390137555222,0.38819032713899326,-32.606499425068236,0.2642972692864294,seg_solar_low_sun,4350
blend_30persistence_70residual,8756,65.7445291218636,97.75076508316778,0.7325380347318425,39.8913116749633,0.5173272948598466,seg_hour_afternoon,8756
blend_30persistence_70residual,6030,78.26928581968615,103.88005789144559,0.7555212340601988,-6.667416101635845,0.4737151350476424,seg_solar_medium_sun,6030
blend_50persistence_50residual,8756,84.64440241627219,121.24687321581938,0.5885066737353843,67.90252486282161,0.40130845794329184,seg_hour_afternoon,8756
persistence,4350,95.76218457471265,124.3490034172096,-0.13034652359549947,-49.63518227586207,0.0,seg_solar_low_sun,4350
blend_50persistence_50residual,6030,99.7669519263159,125.73199953755201,0.6418471402162365,-10.362976889413694,0.3630072052331852,seg_solar_medium_sun,6030
lgbm_residual,8129,93.7664438170187,125.91587866958906,0.7304044714788755,-0.3534507999941551,0.4041673685113635,seg_hour_morning,8129
lgbm_direct,8129,95.37249162044077,127.46178723524164,0.7237440177031951,6.903185012517,0.3968521452174798,seg_hour_morning,8129
lgbm_residual,25336,96.0259675429583,135.45553831820925,0.8188183342355728,-1.139942857803657,0.3848181967526454,all_daylight,25336
blend_30persistence_70residual,8129,102.4432812355415,136.1337551508087,0.6848746560774798,-46.7457979883389,0.3558164830125885,seg_hour_morning,8129
lgbm_direct,25336,95.56136672948506,136.89871925447807,0.8149370480433789,2.4315836002052453,0.3782638789166304,all_daylight,25336
lgbm_residual,21996,101.74078623516273,141.13827481935857,0.791995753343055,-1.836937788468088,0.38769259765489006,clp_required,21996
lgbm_direct,21996,101.95097668179375,141.31222048796212,0.7914827283158675,-0.050028797728358686,0.38693796025672056,clp_required,21996
blend_30persistence_70residual,25336,102.14458679433292,142.89978507501107,0.7983566675042538,-0.09217324429250001,0.35100957437716607,all_daylight,25336
blend_30persistence_70residual,21996,109.13342460813688,148.9961166346459,0.7681898269816225,1.915898791949619,0.35360252027428274,clp_required,21996
lgbm_direct,18737,113.76883264129556,150.02814869655813,0.7161096928541879,0.8354018707781469,0.37491185883472833,clp_high_sun,18737
lgbm_residual,18737,113.687811457229,150.23321889374338,0.7153330755347649,-3.693602923106798,0.37405743951754955,clp_high_sun,18737
blend_70persistence_30residual,8756,108.81500609314463,151.39538159948853,0.3584257058062087,95.91373805067988,0.2524414686659675,seg_hour_afternoon,8756
lgbm_direct,19245,115.63832840524984,152.02836194051127,0.7081022528548417,2.110534745121233,0.3665663511836955,high_sun,19245
blend_50persistence_50residual,8129,117.73994243376393,152.17539746754076,0.6062318607130414,-77.67402944723537,0.2799075980016753,seg_hour_morning,8129
lgbm_residual,19245,116.31180500142132,152.17576183270444,0.7075359564900646,-2.343862039643839,0.3659522022817716,high_sun,19245
blend_70persistence_30residual,6030,125.00582816870953,152.48186098011664,0.47323956678274004,-14.05853767719157,0.22748507035426613,seg_solar_medium_sun,6030
blend_30persistence_70residual,18737,118.97024981627824,158.16209698828288,0.6844923505969206,-0.9457400209971283,0.3410219877526539,clp_high_sun,18737
blend_50persistence_50residual,25336,114.81423031527048,158.49279968725722,0.7519496814152515,0.6063398313816445,0.28019269256987256,all_daylight,25336
blend_30persistence_70residual,19245,120.2371423598406,158.59714422120203,0.6823329011885603,-0.6533912008993891,0.3391971966705002,high_sun,19245
lgbm_residual,16622,124.20153242071007,159.78149357260105,0.6534244058829315,-4.996186359853497,0.3468341749608046,midday_08_15,16622
lgbm_direct,16622,124.34817407033074,160.20640541557614,0.6515786366004961,2.054429697674288,0.3450971909817454,midday_08_15,16622
lgbm_direct,13828,124.38735114355252,160.86391415287474,0.6162291074615309,0.05901381947465279,0.34051727230237117,clp_very_high_sun,13828
lgbm_residual,13828,126.07519293526751,162.63942884859824,0.6077107117113596,-0.27020756924366784,0.3332383167903836,clp_very_high_sun,13828
lgbm_direct,14289,128.927556582063,164.50484868245323,0.596392600263641,4.261542362971458,0.3254594881680124,very_high_sun,14289
lgbm_residual,14289,129.85505389350888,164.66197850815925,0.5956212060016614,-5.100416117670084,0.324815188416943,very_high_sun,14289
blend_30persistence_70residual,16622,126.39117507873294,165.44246390215258,0.6284314033986178,-0.17382706307019513,0.3236928694619682,midday_08_15,16622
blend_50persistence_50residual,21996,122.92231650168387,165.46470420475396,0.7141137111442508,4.417789845561467,0.28215600381195505,clp_required,21996
lgbm_residual,14956,129.50063915156878,166.42518413979982,0.6417298774088467,-1.3397244922107778,0.3312205620186899,seg_solar_high_sun,14956
lgbm_direct,14956,130.06397733037417,167.0305842542601,0.6391185986660285,4.486692876361513,0.3287877622570716,seg_solar_high_sun,14956
blend_30persistence_70residual,13828,127.22755501990454,167.766607251604,0.5825871521880579,5.921431487863543,0.31221877604121817,clp_very_high_sun,13828
blend_30persistence_70residual,14289,129.61349110494749,169.62862140776315,0.5708590295510789,1.57534742582802,0.3044498200377259,very_high_sun,14289
blend_30persistence_70residual,14956,130.21638299623584,171.06284368201844,0.6214843201887619,6.959727288455898,0.3125841317318635,seg_solar_high_sun,14956
blend_70persistence_30residual,8129,138.9875935356076,173.36152202318604,0.48895739727112997,-108.60226090613185,0.17965507641017153,seg_hour_morning,8129
blend_50persistence_50residual,19245,132.34741985354023,174.51072563130393,0.6153854057504091,0.4735893582636276,0.2728924768822245,high_sun,19245
blend_50persistence_50residual,18737,131.8854573113769,174.60256868785845,0.615491166585389,0.8861685804093675,0.27252321612978103,clp_high_sun,18737
lgbm_residual,8451,139.2649414230066,180.15638725036013,0.46841642545359163,-0.20627282689337928,0.26389036164683255,seg_hour_midday,8451
blend_70persistence_30residual,25336,133.10910822553353,180.20581936501867,0.6793299953784178,1.3048529070557415,0.18158133444340352,all_daylight,25336
blend_50persistence_50residual,16622,136.69020152695688,180.62000620319373,0.5571295237506453,3.0410791347853956,0.2616490637779114,midday_08_15,16622
blend_50persistence_50residual,13828,136.8829171588742,182.1795402431016,0.5077859887319669,10.049190859268409,0.25313106570288235,clp_very_high_sun,13828
blend_30persistence_70residual,8451,136.62768783207017,182.80479396881108,0.45267235279427254,3.825692407756062,0.25306910939213545,seg_hour_midday,8451
blend_50persistence_50residual,14289,138.44219815520825,183.61185592158637,0.4971908703189446,6.025856454826816,0.24711255465275062,very_high_sun,14289
blend_50persistence_50residual,14956,139.43411068281418,185.60822714217912,0.5543776699437974,12.492695142233739,0.2541335226729754,seg_solar_high_sun,14956
lgbm_direct,8451,147.3320558669028,185.621030886963,0.43567851468278707,5.61544994213562,0.24156211166101005,seg_hour_midday,8451
blend_70persistence_30residual,21996,142.32287365682365,188.37294110398932,0.6294731966964124,6.919680899173264,0.18277202702727302,clp_required,21996
blend_50persistence_50residual,8451,140.98867608940836,193.70330493647586,0.3854654760896866,6.51366923085576,0.20853835980596058,seg_hour_midday,8451
blend_70persistence_30residual,19245,151.03196680104355,197.31033519492132,0.508321543455873,1.600569917426584,0.17789678204522785,high_sun,19245
persistence,6030,166.7914509918879,197.38370758742877,0.11732793240211936,-19.60187885885835,0.0,seg_solar_medium_sun,6030
blend_70persistence_30residual,18737,151.03780376155456,197.55857221316214,0.5077374219981494,2.718077181815804,0.17687766096640722,clp_high_sun,18737
persistence,8756,148.98398695535454,202.51976969525126,-0.14803875908640096,137.93055783246737,0.0,seg_hour_afternoon,8756
blend_70persistence_30residual,16622,153.76041403693642,202.72137434603113,0.44211574170926216,6.255985332640917,0.17130156461054347,midday_08_15,16622
blend_70persistence_30residual,13828,153.18095704678402,203.38299303178198,0.386543126256764,14.176950230673205,0.1662047282746012,clp_very_high_sun,13828
blend_70persistence_30residual,14289,154.015437195804,204.25185237414587,0.37779467780807996,10.476365483825541,0.1624797071541655,very_high_sun,14289
blend_70persistence_30residual,14956,155.2252561931337,207.25326624007837,0.4443833300202399,18.025662996011512,0.16715295445070033,seg_solar_high_sun,14956
blend_70persistence_30residual,8451,151.29829784573874,210.6997232914958,0.2728899367730687,9.201646053955375,0.1390918774493498,seg_hour_midday,8451
persistence,8129,177.72355874031246,211.3275977433446,0.24061132446300126,-154.99460809447655,0.0,seg_hour_morning,8129
persistence,25336,167.50815615875538,220.18781700495907,0.5212516539209822,2.3526225205669453,0.0,all_daylight,25336
persistence,21996,178.73611913703525,230.50231677553677,0.44520417763002984,10.672517479591022,0.0,clp_required,21996
persistence,19245,187.80734593970672,240.00676665126048,0.2725075621583465,3.291040756171095,0.0,high_sun,19245
persistence,18737,187.87410068899266,240.0111901289311,0.27344575403783666,5.465940083925533,0.0,clp_high_sun,18737
persistence,14289,186.8716176309449,243.8768996033667,0.11296032664416378,17.152129027323717,0.0,very_high_sun,14289
persistence,13828,186.8947919676433,243.92437799618983,0.11760064688312466,20.368589287780487,0.0,clp_very_high_sun,13828
persistence,16622,188.66416986715663,244.62623034971682,0.18763525165954253,11.078344629424286,0.0,midday_08_15,16622
persistence,8451,176.87469478844432,244.7412421516555,0.018960385400582314,13.2336112886049,0.0,seg_hour_midday,8451
persistence,14956,188.66466248041877,248.8491342409525,0.19897740198754155,26.325114776678255,0.0,seg_solar_high_sun,14956
