model,n_rows,mae,rmse,r2,mbe,skill_vs_persistence,hour
persistence,48,95.98715,105.39268182960451,-4.741059236798452,-95.98715,0.0,5
lgbm_direct,48,30.80612048964156,40.8184396931301,0.1388398680794598,-10.451330932614049,0.6127013851006844,5
lgbm_residual,48,32.75824348458062,43.88229879900795,0.004709504002173737,-18.674096916077385,0.5836304946679749,5
blend_70persistence_30_lgbm_residual,48,73.66922564495188,83.99478784053251,-2.646496419188256,-72.79323407482322,0.20303016886568492,5
blend_50persistence_50_lgbm_residual,48,58.894301957698275,70.50895126233608,-1.5695651100052728,-57.3306234580387,0.33098816693617605,5
blend_30persistence_70_lgbm_residual,48,45.43383710947003,58.15788760121652,-0.7481889228680068,-41.86801284125417,0.448179070960123,5
persistence,1673,135.81309581589957,153.30362951794987,-1.9475996724020304,-135.4783701733413,0.0,6
lgbm_direct,1673,47.762757279013876,62.46293929745163,0.5106625447657444,-0.7062844456687114,0.5925540739390125,6
lgbm_residual,1673,48.73898142440333,62.55822077007439,0.5091685275200826,0.6952862577929677,0.5919325526291624,6
blend_70persistence_30_lgbm_residual,1673,96.6321025142901,116.0306671435612,-0.6885316446207776,-94.62627324400103,0.24313163681505978,6
blend_50persistence_50_lgbm_residual,1673,73.81479396935713,93.55529715440046,-0.09774227743547526,-67.39154195777417,0.3897385375116227,6
blend_30persistence_70_lgbm_residual,1673,56.475972691456754,75.01817768245313,0.29417563534806745,-40.156810671547326,0.5106562191753623,6
persistence,2112,184.53260860690236,210.39519120698898,-1.2112654438404897,-178.24514847432658,0.0,7
lgbm_direct,2112,76.59208741309578,104.15505695396871,0.4580864854112765,-1.2198949877027108,0.5049551448564247,7
lgbm_residual,2112,75.54013534248493,101.29628361095803,0.48742634043715527,-1.664553746770732,0.5185427811831418,7
blend_70persistence_30_lgbm_residual,2112,136.9320575078509,164.80436681242315,-0.35677143141850665,-125.27097005605984,0.2166913803163547,7
blend_50persistence_50_lgbm_residual,2112,109.5225679547389,138.00135245198035,0.04865958774915369,-89.95485111054867,0.3440850446234145,7
blend_30persistence_70_lgbm_residual,2112,88.75076233363436,116.44054086352483,0.32270528229255135,-54.6387321650375,0.4465627270493582,7
persistence,2142,195.61275075733997,229.6164916017442,-0.5397762197283251,-172.19701779748937,0.0,8
lgbm_direct,2142,101.93912949244941,132.76123894506713,0.4852527352061907,-1.9089761173960595,0.4218131371185071,8
lgbm_residual,2142,101.31560494738915,132.96907891826373,0.4836397824794686,-4.756980711348032,0.4209079757699178,8
blend_70persistence_30_lgbm_residual,2142,155.71999729478878,188.7074201828719,-0.03999058860381721,-121.96500667164698,0.17816260118557414,8
blend_50persistence_50_lgbm_residual,2142,133.3816497585691,165.36229433443745,0.20140896049720247,-88.4769992544187,0.2798326758635078,8
blend_30persistence_70_lgbm_residual,2142,115.81796293058235,146.94661454156068,0.36937581227930005,-54.988991837190454,0.3600345797616723,8
persistence,2154,187.63079619312904,232.8216487934352,-0.05437861228449492,-131.56393082636956,0.0,9
lgbm_direct,2154,134.52841545049148,171.4742521258557,0.4280636471537498,5.094060321450759,0.2634952418965486,9
lgbm_residual,2154,131.56494133540713,170.9045580427651,0.43185765700342726,4.815991716857746,0.2659421538827963,9
blend_70persistence_30_lgbm_residual,2154,160.0059885834023,202.67681784716208,0.20097931804122693,-90.6499540634014,0.12947606505878806,9
blend_50persistence_50_lgbm_residual,2154,146.38486500524905,187.09953744660643,0.3190812480015438,-63.3739695547559,0.19638255971374252,9
blend_30persistence_70_lgbm_residual,2154,136.93974078122102,176.29200667588813,0.3954738257563959,-36.09798504611048,0.24280234424291658,9
persistence,2156,176.76302849191623,234.46087588565558,0.04960273417538774,-107.01390418764909,0.0,10
lgbm_direct,2156,135.78173562361232,173.7030364322306,0.47834997494952314,-5.433585541033711,0.2591384990093445,10
lgbm_residual,2156,132.6268801095399,173.61944706017528,0.47885191098090385,-7.916600178724287,0.2594950163674732,10
blend_70persistence_30_lgbm_residual,2156,154.87679323025077,204.86285179500484,0.27441074941285737,-77.28471298497168,0.12623864846894717,10
blend_50persistence_50_lgbm_residual,2156,144.0516789870895,189.59198321464592,0.3785526347160205,-57.46525218318669,0.19137048985900662,10
blend_30persistence_70_lgbm_residual,2156,136.70933797058592,178.99025693078102,0.44611042013506386,-37.64579138140177,0.2365879541537117,10
persistence,2109,156.58298408182617,223.2376137369009,0.0895941176178483,-27.63866409266409,0.0,11
lgbm_direct,2109,134.01630047289976,174.8850791036048,0.44126506357957984,2.527333957100393,0.2165967187334411,11
lgbm_residual,2109,133.2215234194918,175.10775785958862,0.43984129876990574,-1.265150499895976,0.21559922215454352,11
blend_70persistence_30_lgbm_residual,2109,140.7214552603455,197.87308727778154,0.28472380481734705,-19.726610014833696,0.1136212040369371,11
blend_50persistence_50_lgbm_residual,2109,134.8207367776378,185.41933453407333,0.3719266758770693,-14.451907296280035,0.1694081860568475,11
blend_30persistence_70_lgbm_residual,2109,132.03565095753848,177.4396701391974,0.42482267727817,-9.177204577726453,0.20515334683553443,11
persistence,2098,168.69059766444232,238.51364583046924,-0.017671475467309294,52.08016391801716,0.0,12
lgbm_direct,2098,147.6408027956592,190.30717649035844,0.3521246273841424,8.054016105966646,0.20211199729165596,12
lgbm_residual,2098,145.07479972943486,194.141448958417,0.32575509529857793,-27.70263071980643,0.18603630294423967,12
blend_70persistence_30_lgbm_residual,2098,147.6880544358133,212.19355203313228,0.19453716666533305,28.14532552667004,0.11035047368335804,12
blend_50persistence_50_lgbm_residual,2098,140.71751163042939,200.05998862133754,0.2840187990857248,12.188766599105366,0.16122204276925856,12
blend_30persistence_70_lgbm_residual,2098,139.26142066614577,193.2536175779643,0.33190779497168765,-3.7677923284593935,0.1897586534091843,12
persistence,2088,205.7090847222222,279.59519005653823,-0.4404394572794157,139.6479813697318,0.0,13
lgbm_direct,2088,145.12770918001235,180.39860831914407,0.4003442764146735,-8.850424190565482,0.3547864386269848,13
lgbm_residual,2088,141.3071680281688,183.7399837558999,0.3779246897288875,-33.65911211970268,0.34283567711324003,13
blend_70persistence_30_lgbm_residual,2088,163.85044233355694,230.1293315966069,0.024157857104120883,87.65585332290142,0.17691956163454958,13
blend_50persistence_50_lgbm_residual,2088,146.14148588705595,204.48012877028043,0.22956174751169478,52.99443462501457,0.26865648608285586,13
blend_30persistence_70_lgbm_residual,2088,137.53124728174393,187.60136937732548,0.3515035159074422,18.333015927127637,0.3290250474645513,13
persistence,2085,221.60314527577938,281.1941204862063,-1.1234160402173239,185.11535534772182,0.0,14
lgbm_direct,2085,120.51328946819537,149.59909500891902,0.3989915822460043,-12.376758035000368,0.46798640472905106,14
lgbm_residual,2085,112.65238023211022,149.9587299973918,0.39609847037044066,-39.9324726587623,0.46670744844130596,14
blend_70persistence_30_lgbm_residual,2085,165.24667647750778,218.11189977545578,-0.2775601103528216,117.60100694577655,0.22433691217183527,14
blend_50persistence_50_lgbm_residual,2085,135.45716825901894,183.00298578447342,0.10062880637200222,72.59144134447975,0.3491934131906914,14
blend_30persistence_70_lgbm_residual,2085,116.21696109891745,157.92338568504118,0.3302456938822842,27.581875743182916,0.43838304509361903,14
persistence,2114,196.16694592293481,239.18209472848957,-2.7116360013128644,187.701634759264,0.0,15
lgbm_direct,2114,66.87818431105514,85.6840014410799,0.5236704461938628,9.066239747506964,0.6417624758310394,15
lgbm_residual,2114,69.34182159771846,91.79261365140032,0.4533321666435922,-12.587339892216113,0.6162228876053628,15
blend_70persistence_30_lgbm_residual,2114,140.69614076675947,177.94995611416047,-1.0544889931203958,127.61494236381994,0.25600636487374817,15
blend_50persistence_50_lgbm_residual,2114,108.14793793050994,140.8267768636179,-0.2867036342328131,87.55714743352395,0.41121522067327354,15
blend_30persistence_70_lgbm_residual,2114,82.84994493748421,110.24205492429138,0.2114982740621869,47.49935250322792,0.5390873424307367,15
persistence,2097,140.55992746781115,168.48018795364757,-8.195157051599171,139.219389747258,0.0,16
lgbm_direct,2097,23.31747804487162,33.418851430142205,0.6382200338397794,2.0010549802461393,0.80164521516716,16
lgbm_residual,2097,34.79540904755514,47.8591335627212,0.25802181197862284,-6.604196547585252,0.7159361338326127,16
blend_70persistence_30_lgbm_residual,2097,97.91182946527884,120.70875341094718,-3.7199674581787336,95.47231385880501,0.28354333600246995,16
blend_50persistence_50_lgbm_residual,2097,70.57928106066763,90.61629008823799,-1.6599534122542052,66.30759659983637,0.4621546237046671,16
blend_30persistence_70_lgbm_residual,2097,47.39162760068378,64.2850863188037,-0.3386959127476168,37.142879340867715,0.6184412713470507,16
persistence,2072,62.00503769305019,81.28628934958398,-141.25157460928622,62.00503383204633,0.0,17
lgbm_direct,2072,6.031549698639372,9.036794947956997,-0.7581314408508615,5.176653674404237,0.8888275621846522,17
lgbm_residual,2072,9.361124950621289,15.492633598829055,-4.167410752505221,8.044805072124532,0.8094065589314744,17
blend_70persistence_30_lgbm_residual,2072,45.820762048429465,59.431689358746276,-75.04289378352986,45.81696520406979,0.26885960923678887,17
blend_50persistence_50_lgbm_residual,2072,35.04096488444807,45.129961399736345,-42.848264503845655,35.02491945208543,0.44480229370972857,17
blend_30persistence_70_lgbm_residual,2072,24.293526760596173,31.38709995963032,-20.209228240817463,24.23287370010107,0.6138696917921134,17
persistence,388,11.68995412371134,16.56997466664004,0.0,11.68995412371134,0.0,18
lgbm_direct,388,5.042306532912354,5.86608323485591,0.0,5.042306532912354,0.6459811585188501,18
lgbm_residual,388,2.892007000300033,6.230850287372736,0.0,2.892007000300033,0.6239674222364886,18
blend_70persistence_30_lgbm_residual,388,9.050569986687949,12.437637895462554,0.0,9.050569986687949,0.24938703011399443,18
blend_50persistence_50_lgbm_residual,388,7.290980562005687,9.908853600515586,0.0,7.290980562005687,0.4019994719445854,18
blend_30persistence_70_lgbm_residual,388,5.531391137323424,7.771654287143136,0.0,5.531391137323424,0.5309797121905302,18
