,count,mean,min,25%,50%,75%,max,std
ts_wib,117559,2023-09-09 08:10:57.826283,2021-01-03 06:10:00,2022-07-23 10:35:00,2023-09-20 06:40:00,2024-11-03 17:05:00,2025-12-31 18:10:00,
target_ts_wib,117559,2023-09-09 09:10:57.826283,2021-01-03 07:10:00,2022-07-23 11:35:00,2023-09-20 07:40:00,2024-11-03 18:05:00,2025-12-31 19:10:00,
target_ghi_1h_ahead,117559.0,419.84600947859275,0.0,123.9,383.96999999999997,695.75,1357.7,319.40887602645415
target_delta_ghi_1h,117559.0,-2.880315342302475,-1124.04,-130.75499999999994,-7.1569,143.79,1003.67,216.44864678321818
target_kt_1h,117559.0,0.6670415095507567,0.0,0.22593868506106463,0.6210401243666993,0.9135997448714535,12.181818181818182,0.6951938253516577
hour_sin,117559.0,0.04772124490963287,-1.0,-0.7071067811865471,1.2246467991473532e-16,0.7071067811865476,1.0,0.707422848994198
hour_cos,117559.0,-0.6303388759121294,-1.0,-0.8660254037844388,-0.7071067811865475,-0.25881904510252063,0.25881904510252074,0.31615439938055323
month_sin,117559.0,-0.04377778800743302,-1.0,-0.8660254037844384,-2.4492935982947064e-16,0.49999999999999994,1.0,0.6999849847392969
month_cos,117559.0,0.024434197066261817,-1.0,-0.5000000000000004,6.123233995736766e-17,0.8660254037844384,1.0,0.7124015591565326
daylight_flag,117559.0,1.0,1.0,1.0,1.0,1.0,1.0,0.0
sun_above_5deg_flag,117559.0,0.9424289080376662,0.0,1.0,1.0,1.0,1.0,0.2329315840833926
ghi_now,117559.0,422.72632482089523,0.0,126.57,383.09999999999997,693.9799999999999,1357.7,314.76899280405877
dhi_now,117559.0,208.66680549953145,0.0,3.71,121.35999999999999,364.07000000000005,988.9655,227.4326371884755
dni_now,117559.0,214.7550181701306,0.0,63.8195,165.10999999999999,316.635,1071.21,193.41211998622785
reflected_now,117559.0,85.98701887264284,0.0,24.944000000000003,79.46000000000001,141.52500000000003,466.2532348922328,64.05184344787428
nett_rad_now,115408.0,341.3338822915154,-1.4600000000000002,104.29,311.895,557.745,1089.7,251.97628903360172
solar_elev_deg,117559.0,41.164025913296065,0.005260415462585277,21.244644906272555,42.10735539524406,61.18030710675265,89.12356556487975,23.059073412191058
asrs_n_obs_1min,117559.0,9.823152629743364,1.0,10.0,10.0,10.0,30.0,1.3484045351530995
asrs_ok_obs,117559.0,9.804004797590997,1.0,10.0,10.0,10.0,30.0,1.3337322507837182
aws_temp_c,117559.0,28.916389066836203,20.1,27.5,29.37,30.53,38.95,2.3397998485023326
aws_temp_min_c,117559.0,27.263390034994615,20.1,25.2,26.9,29.4,35.3,2.433251167287316
aws_temp_max_c,117559.0,29.628501727690512,20.1,28.3,30.0,31.2,39.9,2.4495103123803346
aws_rh_pct,117559.0,77.40814857092448,29.799999999999997,70.3,76.22,83.6,100.0,10.633721892635489
aws_pressure_hpa,117559.0,1008.5265888824068,1001.359,1007.2090046066044,1008.542,1009.861,1015.128,1.8479827891874034
aws_ws_avg,117559.0,1.771667907815044,0.0,0.774,1.739,2.628,10.27,1.246218307973468
aws_ws_max,117559.0,3.8689873544034508,0.0,2.346016,3.8,5.130094,17.60505,2.0715125522998874
aws_wd_deg,117559.0,188.72026611172237,1.762154363103889,129.7,203.7,260.9,359.44882511136575,81.31805543331753
aws_rain_mm,117559.0,1.3729545701920718,0.0,0.0,0.0,0.0,177.8,7.266919006768071
aws_sr_avg_w_m2,114644.0,395.834859713548,0.0,125.6,353.6,632.4,1323.0,296.25809670472796
clp_cot,97558.0,9.862980705956685,0.0099999997764825,2.1842856407165527,4.314852237701416,9.770794153213501,150.0,15.172773259493985
clp_cth_m,97558.0,8.258734468778266,0.1260000020265579,5.698057651519775,8.557084560394287,10.861258268356323,16.621000289916992,3.259545825634646
clp_ctt_k,97558.0,250.68312984139584,191.25,233.55613327026367,250.1587371826172,268.2098693847656,296.8699951171875,21.5753491054989
clp_cer,88391.0,27.923011338340615,0.0099999997764825,17.801894187927246,26.321697235107425,36.32749557495117,100.0,12.746648416701946
clp_cloud_present,109992.0,0.12714561058986107,0.0,0.0,0.0,0.0,1.0,0.3331375290861725
clp_clear_flag,117559.0,0.11817895694927653,0.0,0.0,0.0,0.0,1.0,0.3228212780511786
clp_thin_cloud_flag,117559.0,0.18384811031056747,0.0,0.0,0.0,0.0,1.0,0.38736192252190776
clp_moderate_cloud_flag,117559.0,0.4427053649656768,0.0,0.0,0.0,1.0,1.0,0.4967085901031406
clp_thick_cloud_flag,117559.0,0.2026301686812579,0.0,0.0,0.0,0.0,1.0,0.4019608909047488
synop_temp_c,107107.0,29.13108573669322,22.0,27.8,29.6,30.7,36.3,2.2317166829119923
synop_dewpoint_c,107101.0,24.565539070596916,19.2,23.7,24.6,25.4,29.2,1.2247446106682662
synop_rh_pct,107101.0,77.01857125517036,48.0,71.0,76.0,82.0,100.0,8.860838242417907
synop_wind_speed,107107.0,5.2457355728383765,0.0,3.0,5.0,7.0,21.0,2.4239063543902546
synop_wind_dir_deg,107107.0,202.29088668341004,0.0,150.0,230.0,280.0,360.0,84.86414669872727
synop_visibility,107107.0,5.784761033359165,0.5,5.0,6.0,7.0,10.0,1.3104012687181925
synop_rainfall_24h_mm,6917.0,9.672950701171029,0.0,0.0,0.7,9.2,187.6,20.199484576011397
synop_solar_rad_24h,7537.0,1444.1077882446598,11.0,1240.0,1509.0,1691.0,2142.0,347.50791257331906
ghi_lag_10m,117558.0,422.5034898159484,0.0,126.33,383.05000000000007,693.8500000000001,1357.7,314.9569319581161
ghi_lag_30m,117558.0,421.46219295627714,0.0,125.35,382.775,693.5975,1357.7,316.0048098751007
ghi_lag_60m,117559.0,418.20415783935823,0.0,119.365,382.23999999999995,693.645,1357.7,319.7429825858631
ghi_lag_120m,117559.0,402.97938653867715,0.0,58.627500000000005,375.69999999999993,695.0899999999999,1357.7,333.54484621642956
ghi_lag_180m,117559.0,374.0026515684974,0.0,0.0,312.95000000000005,695.5449999999998,1357.7,348.4521573485456
dhi_lag_60m,117559.0,206.3723753455997,0.0,1.0694499999999998,118.72,363.655,988.9655,228.6109131071509
dni_lag_60m,117559.0,211.61771421382142,0.0,56.230999999999995,164.3,316.4,1071.21,196.07473810152618
aws_temp_lag_60m,117358.0,28.61450945512598,20.1,26.5,29.26,30.52,38.95,2.5965502553268607
aws_rh_lag_60m,117358.0,78.52598020159819,29.799999999999997,70.38,76.7,87.2,100.0,11.54311164148857
aws_pressure_lag_60m,117358.0,1008.613666464234,1001.359,1007.327,1008.6789196056186,1009.91,1015.128,1.8192619583522844
clp_cot_lag_60m,94977.0,9.221513738502987,0.0099999997764825,2.1560606956481934,4.203055381774902,9.237564086914062,150.0,14.051686291659085
clp_cth_lag_60m,94977.0,8.220235795150709,0.1260000020265579,5.655785083770752,8.513354301452637,10.825678825378418,16.621000289916992,3.256475347136154
ghi_roll_30m_mean,117559.0,422.4356141530761,0.0,129.65683333333334,390.77666666666664,691.9183333333333,1316.0,309.0550683170845
ghi_roll_30m_min,117559.0,373.379482751796,0.0,99.77550000000001,323.84,611.245,1281.5,295.58262815746747
ghi_roll_30m_max,117559.0,471.43925903011655,0.0,157.32,450.32,769.355,1357.7,327.9054078379945
ghi_roll_30m_std,117558.0,51.133293851758424,0.0,15.81805218681926,33.01213059862656,65.08547852337657,580.8311254627573,54.55078418628576
ghi_roll_60m_mean,117559.0,421.4902045807306,0.0,134.33908333333332,396.195,685.0558333333333,1173.765,303.5315929022707
ghi_roll_60m_min,117559.0,325.4953702193294,0.0,70.145,266.6547273635207,532.8100000000001,1098.4,278.7036272755224
ghi_roll_60m_max,117559.0,519.3909655273598,0.0,204.73000000000002,521.71,823.4549999999999,1357.7,332.6535653390527
ghi_roll_60m_std,117559.0,75.24102545421484,0.0,32.23111211163723,61.335165688208626,100.43864497691216,556.2201245359391,60.34461240591077
ghi_roll_180m_mean,117559.0,408.8258031721505,0.0,139.7917888888889,398.4766666666667,657.5141666666667,1049.8249999999998,287.92162479992163
ghi_roll_180m_min,117559.0,200.26173080584073,0.0,1.7459000000000002,116.83999999999999,341.65500000000003,979.07,222.03945998036397
ghi_roll_180m_max,117559.0,642.0292843407318,0.0,363.2900000000001,731.41,925.3,1357.7,337.9719641212255
ghi_roll_180m_std,117559.0,139.2689694064791,0.0,79.88447511745323,141.48471350602637,191.5944356988045,492.48760035357856,79.9197499811385
dhi_roll_180m_mean,117559.0,201.4264440612949,0.0,22.932755555555552,147.63277777777776,330.48800555555556,927.8507722222223,197.87686867264796
dni_roll_180m_mean,117559.0,205.7116583088568,0.0,67.32797222222223,176.41394444444444,303.75226111111107,980.8844444444445,171.4998472390071
aws_temp_roll_180m_mean,117559.0,28.453505727407705,20.383888888888894,26.304166666666667,29.02388888888889,30.37833333333333,37.87111111111111,2.5013252715602685
aws_rh_roll_180m_mean,117559.0,79.13843669537853,38.10656640504656,71.13972222222222,77.4661111111111,87.95750000000001,100.0,10.954217001434683
aws_ws_roll_180m_mean,117559.0,1.6424376836015089,0.0,0.7380555555555557,1.5562613355738242,2.475138888888889,6.459555555555554,1.1474504974819322
aws_rain_sum_180m,117559.0,35.32710858051615,0.0,0.0,0.0,3.400000000000001,2776.5999999999995,145.3986958553142
clp_cot_roll_180m_mean,108348.0,9.198720772134145,0.0199999995529651,2.378525298892283,4.632392466068268,9.93834649581535,150.0,13.146482387544927
clp_cth_roll_180m_mean,108348.0,8.17642828057833,0.1260000020265579,5.864840315447914,8.444788495699566,10.589248250512517,16.503000259399414,3.0390887361647305
ghi_delta_10m,117558.0,0.22643090080105113,-842.6299999999999,-28.54000000000005,2.5099999999999625,31.22949999999985,867.21,92.20621677171259
ghi_delta_60m,117559.0,4.522166981536924,-1124.04,-126.30499999999999,18.922799999999995,144.69695,1003.67,216.12807421553876
aws_temp_delta_60m,117358.0,0.30188003532666163,-10.10652364165944,-0.33000000000000185,0.1700000000000017,0.9200000000000017,10.529999999999998,1.2001227649964241
aws_rh_delta_60m,117358.0,-1.1120304612847014,-52.97677469535714,-4.0,-0.3999999999999915,2.0600000000000023,64.34,6.059098798576679
clp_cot_lag_10m,97603.0,9.864209653805965,0.0099999997764825,2.184574246406555,4.316181659698486,9.7740797996521,150.0,15.17700471653101
clp_cot_lag_20m,97664.0,9.864442971119278,0.0099999997764825,2.1849998831748962,4.316203355789185,9.773647546768188,150.0,15.175548239935335
clp_cot_lag_30m,97730.0,9.867438928634451,0.0099999997764825,2.1863375902175903,4.316203355789185,9.77428388595581,150.0,15.184012581406106
clp_cth_lag_30m,97730.0,8.259719028265721,0.1260000020265579,5.700300455093384,8.557322025299072,10.863291263580322,16.621000289916992,3.2590573419466393
ghi_lag_20m,117559.0,422.0879440728618,0.0,125.8,382.92999999999995,693.675,1357.7,315.35330445980594
ghi_lag_50m,117559.0,419.53590467035457,0.0,123.22,382.44,693.585,1357.7,318.1876232309228
kt_lag_10m,117559.0,0.5583620614737866,0.0,0.32091298917511474,0.5751689633102864,0.8127803210082328,3.0598442794966125,0.2868886907762174
kt_lag_20m,117559.0,0.5536882286016969,0.0,0.3169225083000681,0.5739565265465331,0.8124101240195322,2.229159636695716,0.2886249807235546
kt_lag_30m,117559.0,0.549054249470647,0.0,0.311669482270887,0.5724395774096147,0.8120061159440348,1.9908178945365615,0.2920484944653543
kt_lag_60m,117559.0,0.5337787095728638,0.0,0.2884411360515219,0.5650530361287802,0.8109921908315758,1.8228032587747973,0.3049025148085467
kt_roll30m_mean,117559.0,0.5586178907186853,0.0,0.32934821202708137,0.5859252073649426,0.8002856841734516,3.359231196993344,0.2790394055875558
kt_roll60m_mean,117559.0,0.5513632571581757,0.0,0.3308140600981595,0.5876639589339661,0.7873957306389405,2.623213404629176,0.2720830286834526
kt_roll30m_std,117559.0,0.06599482794277998,0.0,0.018126342544278088,0.04281206346377756,0.09156718847891196,2.2661983085129016,0.07305251533364086
syn_cloud_cover_oktas_m,107107.0,5.967331733686874,0.0,5.0,6.0,7.0,8.0,1.661752208811449
syn_cloud_low_cover_oktas,107107.0,2.3890035198446413,0.0,2.0,2.0,3.0,9.0,1.0751337305065118
syn_cloud_med_cover_oktas,107107.0,3.0028289467541804,0.0,2.0,3.0,4.0,8.0,1.5553516783310894
syn_cloud_low_base_1,106740.0,648.4701986134532,1.0,600.0,600.0,600.0,9999.0,863.976403787487
syn_cloud_low_base_2,52826.0,668.0334305077046,60.0,600.0,600.0,750.0,9999.0,126.79893396158808
syn_cloud_low_base_3,3339.0,706.9871218927823,0.0,750.0,750.0,750.0,750.0,83.12084233013323
syn_cloud_med_base_1,105488.0,3222.2775102381315,600.0,3000.0,3000.0,3000.0,9999.0,1236.1080588160953
syn_cloud_med_base_2,11168.0,3001.6117478510027,3000.0,3000.0,3000.0,3000.0,6000.0,69.52034654119512
syn_cloud_high_base_1,101165.0,8998.777373597588,3000.0,9000.0,9000.0,9000.0,9999.0,231.19811150388028
syn_cloud_high_base_2,1944.0,9000.0,9000.0,9000.0,9000.0,9000.0,9000.0,0.0
syn_cloud_layer_1_height_m,35096.0,623.6189309323,60.0,600.0,600.0,600.0,9000.0,570.3700520573169
syn_cloud_layer_2_height_m,22209.0,2362.41073438696,450.0,600.0,3000.0,3000.0,9000.0,1734.192443131016
syn_cloud_layer_3_height_m,6966.0,3166.6666666666665,750.0,3000.0,3000.0,3000.0,9000.0,1006.6462553534323
syn_cloud_layer_4_height_m,36.0,8000.0,3000.0,9000.0,9000.0,9000.0,9000.0,2267.786838055363
syn_cloud_layer_1_amt_oktas,35096.0,1.7857875541372237,1.0,1.0,2.0,2.0,6.0,0.8270872103424165
syn_cloud_layer_2_amt_oktas,22209.0,3.3342788959430862,1.0,2.0,3.0,4.0,12.0,1.4079320867891238
syn_cloud_layer_3_amt_oktas,6966.0,4.345248349124318,3.0,4.0,4.0,5.0,8.0,1.0320546433412388
syn_cloud_layer_4_amt_oktas,36.0,5.666666666666667,5.0,5.0,5.0,7.0,7.0,0.9561828874675149
syn_present_weather,107107.0,11.14130729084,0.0,2.0,3.0,5.0,9999.0,150.51575721027382
syn_past_weather_1,104638.0,2.211213899348229,0.0,2.0,2.0,2.0,9.0,1.7917704781145296
syn_past_weather_2,104638.0,1.838146753569449,0.0,2.0,2.0,2.0,9.0,1.2311010161015272
solar_elev_sin,117559.0,0.6067338122340874,9.181156971594814e-05,0.36235092750117026,0.6705218652243424,0.8761410467284092,0.9998830082771607,0.2952563808681759
solar_elev_sin_clip,117559.0,0.6068664839912499,0.02,0.36235092750117026,0.6705218652243424,0.8761410467284092,0.9998830082771607,0.2949898574538624
clear_sky_ghi_now,117559.0,667.5531323903749,22.0,398.58602025128727,737.5740517467767,963.7551514012501,1099.8713091048767,324.48884319924866
kt_now,117559.0,0.5638033820805726,0.0,0.3247163497929833,0.5765771420912253,0.8133184098952801,5.31625860236222,0.2954864822037804
ghi_to_aws_sr_ratio,114644.0,1.1505904232076902,0.0,0.88219733324245,1.001086729410055,1.1828335407918282,47.888999999999996,0.9440234397454071
dhi_fraction,117559.0,0.41384647314397205,0.0,0.023381824627090347,0.38090999999999997,0.7567457595296306,1.4175,0.35560842226498784
dni_fraction,117559.0,0.5916391296107204,0.0,0.25284228524723307,0.5951046523162384,0.9545477209169111,7.5492935879521825,0.38974800210387794
temp_rh_interaction,117559.0,2216.582600014664,823.8850000000001,2117.8759499999996,2231.0456,2333.14135,3279.9999999999995,170.9672061842879
vpd_proxy,117559.0,6.7505630666895735,0.0,4.545779,6.9996,9.021488008700075,21.55929110880902,3.4671130755779878
wind_u,117559.0,-0.527271064515836,-10.256847798281592,-1.8396946517157142,-0.06531232058949359,0.597820821584272,5.466366010952399,1.572341117281738
wind_v,117559.0,-0.6041029715005257,-7.1792008655813895,-1.1400168514771711,-0.22629776973712382,0.08122278861767955,4.22983082220056,1.2556578804664522
clp_cot_delta_10m,94106.0,0.3615785751681521,-95.4158811569214,-0.3169221282005308,0.028420835733413696,0.4769879877567291,121.3612117767334,3.2294454481773114
clp_cot_delta_30m,91002.0,0.9809677481593545,-89.7069091796875,-0.6281063854694366,0.101631909608841,1.1418396234512331,140.80000019073486,6.3821231770079425
clp_cot_delta_60m,86403.0,1.751394555390673,-140.8983030319214,-0.903741240501404,0.23271608352661133,1.9647328853607178,139.17598342895508,9.802588567617553
clp_cth_delta_60m,86403.0,0.09009112873788677,-12.700501084327698,-0.8648228645324707,0.006855487823486328,0.9573477506637573,12.37591516971588,1.7364240712266024
clp_cot_delta_180m,97558.0,1.6094627128476031,-94.55844688415527,-1.078278786703652,0.07051657272709749,1.6872276479707047,132.7837154865265,9.241171340266577
clp_cth_delta_180m,97558.0,0.09315536976671245,-7.115192386839125,-0.7837148393903461,0.0,0.8606556607227702,8.0602707862854,1.5670621328303111
ghi_roll_180m_range,117559.0,441.767553534891,0.0,260.96000000000004,465.40999999999997,614.7102500000001,1184.8919999999998,237.2742179146503
ghi_roll_60m_range,117559.0,193.89559530803044,0.0,84.55000000000001,160.85399999999998,261.475,1121.717,150.47003835979777
ghi_ramp_ratio_60m,117559.0,0.6182176112725325,-1.0,-0.3027427267119883,0.08560709413369719,0.8105308660035111,36.4005,1.6991216241193565
aws_temp_range,117559.0,2.365111692695889,0.0,0.3000000000000007,0.6000000000000014,4.998792340380941,16.299999999999997,2.7822372345785173
cloud_opacity_proxy,97558.0,0.005836278658775165,0.0,0.0,0.0,0.0,0.4999999403953552,0.0485141655582101
cloud_height_temp_interaction,97558.0,2000.2333495906096,34.60085871080991,1528.1179618188035,2140.384007706838,2537.3924724512617,3225.922351320987,653.4027517448823
syn_total_cloud_oktas,107107.0,5.969423100264222,0.0,5.0,6.0,7.0,9.0,1.6598694155563556
syn_low_cloud_present,117559.0,0.9004414804481154,0.0,1.0,1.0,1.0,1.0,0.2994117287449943
syn_multi_layer_cloud_flag,117559.0,0.18891790505193137,0.0,0.0,0.0,0.0,1.0,0.39144505824805037
syn_cloud_base_min,107076.0,618.5120942134558,0.0,600.0,600.0,600.0,9999.0,552.0142162788665
syn_cloud_depth_proxy,35096.0,1647.1378504672898,0.0,0.0,2400.0,2400.0,8550.0,1670.7104905268766
syn_weather_cloud_rain_proxy,117559.0,13.755042149048563,0.0,5.0,6.0,9.0,10010.0,143.97155593872185
kt_wavelet_trend,117559.0,1.133527596896117,-0.25945670417344735,0.6587378505024276,1.2085633072661064,1.6512541636719584,5.825856312312824,0.5909212775773998
kt_wavelet_detail1_energy,117559.0,0.08278383175596446,0.0,0.04939322955154335,0.07828288998429231,0.11181703412740462,1.1882896435115762,0.04848269067610969
kt_wavelet_detail2_energy,117559.0,0.12266004546922549,0.0,0.0676091909923447,0.11323531081487609,0.16866738375459694,0.9269145641658193,0.07322745326144327
