model,feature,importance
direct_all_features,clear_sky_ghi_target_60m,690
direct_all_features,clp_cot,606
direct_all_features,clp_cot_delta_180m,230
direct_all_features,dni_now,204
direct_all_features,clp_cer,192
direct_all_features,dni_fraction,192
direct_all_features,kt_now,188
direct_all_features,month_cos,179
direct_all_features,clp_cot_delta_60m,178
direct_all_features,ghi_roll_180m_max,156
direct_all_features,cloud_height_temp_interaction,144
direct_all_features,synop_dewpoint_c,136
direct_all_features,month_sin,131
direct_all_features,dhi_roll_180m_mean,131
direct_all_features,aws_pressure_lag_60m,121
direct_all_features,clp_cot_roll_180m_mean,118
direct_all_features,synop_wind_dir_deg,114
direct_all_features,synop_temp_c,110
direct_all_features,aws_ws_roll_180m_mean,109
direct_all_features,nett_rad_now,108
direct_all_features,aws_pressure_hpa,106
direct_all_features,clp_cth_roll_180m_mean,105
direct_all_features,dhi_fraction,103
direct_all_features,ghi_roll_180m_range,100
direct_all_features,ghi_now,97
direct_all_features,clp_ctt_k,96
direct_all_features,clp_cth_delta_180m,92
direct_all_features,dhi_now,88
direct_all_features,temp_rh_interaction,86
direct_all_features,ghi_roll_60m_max,85
direct_all_features,syn_weather_cloud_rain_proxy,83
direct_all_features,clp_cth_m,82
direct_all_features,ghi_roll_180m_std,81
direct_all_features,syn_cloud_cover_oktas_m,80
direct_all_features,clp_cth_delta_60m,80
direct_all_features,dni_roll_180m_mean,80
direct_all_features,aws_temp_roll_180m_mean,80
direct_all_features,aws_rh_roll_180m_mean,75
direct_all_features,solar_elev_deg,75
direct_all_features,syn_cloud_low_cover_oktas,75
direct_all_features,ghi_to_aws_sr_ratio,73
direct_all_features,hour_sin,69
direct_all_features,solar_elev_sin_clip,67
direct_all_features,ghi_roll_30m_max,65
direct_all_features,wind_u,65
direct_all_features,ghi_roll_60m_min,64
direct_all_features,ghi_roll_180m_min,63
direct_all_features,ghi_delta_60m,56
direct_all_features,ghi_lag_180m,52
direct_all_features,clp_cth_lag_60m,52
direct_all_features,dhi_lag_60m,51
direct_all_features,clp_cot_lag_60m,51
direct_all_features,ghi_ramp_ratio_60m,49
direct_all_features,synop_rh_pct,48
direct_all_features,ghi_roll_180m_mean,47
direct_all_features,syn_cloud_med_cover_oktas,47
direct_all_features,ghi_roll_60m_std,46
direct_all_features,wind_v,46
direct_all_features,aws_temp_delta_60m,45
direct_all_features,synop_visibility,42
direct_all_features,ghi_roll_30m_min,42
direct_all_features,ghi_roll_60m_range,42
direct_all_features,ghi_roll_60m_mean,41
direct_all_features,dni_lag_60m,41
direct_all_features,aws_temp_min_c,38
direct_all_features,aws_rh_lag_60m,37
direct_all_features,aws_rh_delta_60m,36
direct_all_features,ghi_lag_120m,34
direct_all_features,asrs_n_obs_1min,34
direct_all_features,aws_wd_deg,32
direct_all_features,aws_rain_sum_180m,32
direct_all_features,aws_ws_avg,31
direct_all_features,syn_present_weather,31
direct_all_features,aws_temp_lag_60m,30
direct_all_features,aws_rh_pct,29
direct_all_features,aws_sr_avg_w_m2,29
direct_all_features,aws_ws_max,27
direct_all_features,ghi_lag_60m,26
direct_all_features,aws_temp_c,25
direct_all_features,aws_rain_mm,25
direct_all_features,reflected_now,24
direct_all_features,syn_cloud_low_base_1,24
direct_all_features,ghi_roll_30m_std,23
direct_all_features,synop_wind_speed,22
direct_all_features,vpd_proxy,22
direct_all_features,ghi_roll_30m_mean,22
direct_all_features,syn_total_cloud_oktas,20
direct_all_features,clp_moderate_cloud_flag,18
direct_all_features,syn_cloud_low_base_2,18
direct_all_features,ghi_lag_30m,18
direct_all_features,hour_cos,17
direct_all_features,ghi_lag_10m,16
direct_all_features,clp_thick_cloud_flag,15
direct_all_features,asrs_ok_obs,15
direct_all_features,aws_temp_max_c,14
direct_all_features,ghi_delta_10m,13
direct_all_features,diffuse_to_global_ratio,13
direct_all_features,clear_sky_ghi_now,12
direct_all_features,syn_past_weather_2,9
direct_all_features,syn_cloud_base_min,5
direct_all_features,clp_thin_cloud_flag,5
direct_all_features,solar_elev_sin,5
direct_all_features,syn_past_weather_1,5
direct_all_features,aws_temp_range,4
direct_all_features,syn_cloud_med_base_1,4
direct_all_features,syn_cloud_low_base_3,2
direct_all_features,synop_solar_rad_24h,1
direct_all_features,syn_multi_layer_cloud_flag,0
direct_all_features,daylight_flag,0
direct_all_features,cloud_opacity_proxy,0
direct_all_features,sun_above_5deg_flag,0
direct_all_features,syn_cloud_depth_proxy,0
direct_all_features,syn_low_cloud_present,0
direct_all_features,syn_cloud_layer_2_height_m,0
direct_all_features,clp_clear_flag,0
direct_all_features,clp_cloud_present,0
direct_all_features,syn_cloud_layer_3_height_m,0
direct_all_features,syn_cloud_med_base_2,0
direct_all_features,syn_cloud_high_base_1,0
direct_all_features,synop_rainfall_24h_mm,0
direct_all_features,syn_cloud_high_base_2,0
direct_all_features,syn_cloud_layer_4_amt_oktas,0
direct_all_features,syn_cloud_layer_3_amt_oktas,0
direct_all_features,syn_cloud_layer_2_amt_oktas,0
direct_all_features,syn_cloud_layer_1_height_m,0
direct_all_features,syn_cloud_layer_4_height_m,0
direct_all_features,syn_cloud_layer_1_amt_oktas,0
direct_no_cloud_features,clear_sky_ghi_target_60m,719
direct_no_cloud_features,kt_now,335
direct_no_cloud_features,dni_now,317
direct_no_cloud_features,dni_fraction,256
direct_no_cloud_features,dhi_roll_180m_mean,219
direct_no_cloud_features,synop_dewpoint_c,213
direct_no_cloud_features,month_cos,206
direct_no_cloud_features,temp_rh_interaction,205
direct_no_cloud_features,aws_ws_roll_180m_mean,197
direct_no_cloud_features,aws_pressure_lag_60m,181
direct_no_cloud_features,dni_roll_180m_mean,170
direct_no_cloud_features,ghi_roll_180m_max,167
direct_no_cloud_features,synop_wind_dir_deg,153
direct_no_cloud_features,synop_temp_c,145
direct_no_cloud_features,dhi_fraction,141
direct_no_cloud_features,hour_sin,141
direct_no_cloud_features,aws_pressure_hpa,132
direct_no_cloud_features,synop_rh_pct,121
direct_no_cloud_features,aws_rh_roll_180m_mean,120
direct_no_cloud_features,ghi_roll_60m_max,119
direct_no_cloud_features,ghi_roll_60m_min,116
direct_no_cloud_features,nett_rad_now,115
direct_no_cloud_features,month_sin,108
direct_no_cloud_features,dhi_now,107
direct_no_cloud_features,synop_visibility,103
direct_no_cloud_features,ghi_roll_180m_range,102
direct_no_cloud_features,ghi_now,101
direct_no_cloud_features,ghi_roll_180m_std,99
direct_no_cloud_features,wind_u,99
direct_no_cloud_features,aws_temp_roll_180m_mean,97
direct_no_cloud_features,ghi_roll_60m_range,91
direct_no_cloud_features,solar_elev_deg,87
direct_no_cloud_features,aws_rain_sum_180m,87
direct_no_cloud_features,aws_rh_pct,87
direct_no_cloud_features,ghi_lag_180m,86
direct_no_cloud_features,ghi_roll_30m_max,85
direct_no_cloud_features,dhi_lag_60m,82
direct_no_cloud_features,aws_wd_deg,80
direct_no_cloud_features,aws_temp_delta_60m,75
direct_no_cloud_features,ghi_roll_180m_min,75
direct_no_cloud_features,ghi_to_aws_sr_ratio,71
direct_no_cloud_features,synop_wind_speed,67
direct_no_cloud_features,ghi_roll_180m_mean,67
direct_no_cloud_features,solar_elev_sin_clip,64
direct_no_cloud_features,vpd_proxy,59
direct_no_cloud_features,aws_rh_lag_60m,59
direct_no_cloud_features,dni_lag_60m,58
direct_no_cloud_features,ghi_roll_60m_std,56
direct_no_cloud_features,aws_temp_min_c,54
direct_no_cloud_features,ghi_roll_30m_min,53
direct_no_cloud_features,ghi_ramp_ratio_60m,52
direct_no_cloud_features,aws_rain_mm,51
direct_no_cloud_features,wind_v,51
direct_no_cloud_features,ghi_delta_60m,50
direct_no_cloud_features,aws_ws_avg,50
direct_no_cloud_features,ghi_roll_30m_std,46
direct_no_cloud_features,ghi_roll_30m_mean,45
direct_no_cloud_features,aws_rh_delta_60m,41
direct_no_cloud_features,ghi_lag_120m,41
direct_no_cloud_features,aws_ws_max,40
direct_no_cloud_features,aws_temp_c,39
direct_no_cloud_features,ghi_lag_60m,39
direct_no_cloud_features,aws_temp_lag_60m,38
direct_no_cloud_features,ghi_lag_10m,34
direct_no_cloud_features,aws_temp_max_c,33
direct_no_cloud_features,ghi_delta_10m,32
direct_no_cloud_features,aws_sr_avg_w_m2,27
direct_no_cloud_features,asrs_n_obs_1min,27
direct_no_cloud_features,ghi_roll_60m_mean,26
direct_no_cloud_features,reflected_now,25
direct_no_cloud_features,ghi_lag_30m,25
direct_no_cloud_features,diffuse_to_global_ratio,21
direct_no_cloud_features,solar_elev_sin,15
direct_no_cloud_features,clear_sky_ghi_now,13
direct_no_cloud_features,aws_temp_range,10
direct_no_cloud_features,hour_cos,9
direct_no_cloud_features,asrs_ok_obs,5
direct_no_cloud_features,synop_rainfall_24h_mm,2
direct_no_cloud_features,synop_solar_rad_24h,2
direct_no_cloud_features,sun_above_5deg_flag,0
direct_no_cloud_features,daylight_flag,0
direct_rad_met_features,clear_sky_ghi_target_60m,807
direct_rad_met_features,dni_now,484
direct_rad_met_features,kt_now,432
direct_rad_met_features,aws_pressure_lag_60m,359
direct_rad_met_features,aws_ws_roll_180m_mean,356
direct_rad_met_features,dni_fraction,354
direct_rad_met_features,dhi_roll_180m_mean,319
direct_rad_met_features,ghi_roll_180m_max,316
direct_rad_met_features,aws_pressure_hpa,301
direct_rad_met_features,dni_roll_180m_mean,291
direct_rad_met_features,aws_rh_pct,284
direct_rad_met_features,month_cos,279
direct_rad_met_features,aws_wd_deg,273
direct_rad_met_features,aws_rh_roll_180m_mean,265
direct_rad_met_features,ghi_roll_60m_min,220
direct_rad_met_features,dhi_fraction,210
direct_rad_met_features,month_sin,208
direct_rad_met_features,aws_temp_roll_180m_mean,206
direct_rad_met_features,ghi_roll_60m_max,203
direct_rad_met_features,aws_rh_lag_60m,199
direct_rad_met_features,ghi_now,176
direct_rad_met_features,ghi_roll_180m_min,174
direct_rad_met_features,ghi_roll_180m_std,168
direct_rad_met_features,ghi_roll_180m_range,163
direct_rad_met_features,dhi_now,161
direct_rad_met_features,ghi_lag_180m,160
direct_rad_met_features,hour_sin,144
direct_rad_met_features,ghi_roll_60m_range,142
direct_rad_met_features,dhi_lag_60m,140
direct_rad_met_features,aws_temp_lag_60m,137
direct_rad_met_features,aws_temp_delta_60m,135
direct_rad_met_features,aws_temp_min_c,134
direct_rad_met_features,ghi_to_aws_sr_ratio,129
direct_rad_met_features,solar_elev_deg,129
direct_rad_met_features,dni_lag_60m,129
direct_rad_met_features,ghi_roll_30m_max,122
direct_rad_met_features,aws_ws_avg,120
direct_rad_met_features,aws_rain_sum_180m,114
direct_rad_met_features,ghi_roll_60m_std,114
direct_rad_met_features,aws_ws_max,108
direct_rad_met_features,ghi_roll_30m_min,107
direct_rad_met_features,ghi_roll_180m_mean,105
direct_rad_met_features,ghi_roll_30m_std,105
direct_rad_met_features,aws_rh_delta_60m,104
direct_rad_met_features,ghi_delta_60m,102
direct_rad_met_features,ghi_lag_120m,93
direct_rad_met_features,ghi_ramp_ratio_60m,89
direct_rad_met_features,aws_temp_c,88
direct_rad_met_features,ghi_roll_60m_mean,84
direct_rad_met_features,solar_elev_sin_clip,80
direct_rad_met_features,ghi_delta_10m,77
direct_rad_met_features,ghi_lag_60m,74
direct_rad_met_features,aws_rain_mm,68
direct_rad_met_features,aws_temp_max_c,63
direct_rad_met_features,ghi_roll_30m_mean,61
direct_rad_met_features,ghi_lag_10m,51
direct_rad_met_features,aws_sr_avg_w_m2,48
direct_rad_met_features,ghi_lag_30m,45
direct_rad_met_features,aws_temp_range,23
direct_rad_met_features,hour_cos,14
direct_rad_met_features,clear_sky_ghi_now,13
direct_rad_met_features,solar_elev_sin,13
direct_rad_met_features,sun_above_5deg_flag,0
direct_rad_met_features,daylight_flag,0
direct_regularized_all,clear_sky_ghi_target_60m,672
direct_regularized_all,clp_cot,546
direct_regularized_all,clp_cot_delta_180m,229
direct_regularized_all,kt_now,215
direct_regularized_all,dni_now,191
direct_regularized_all,dni_fraction,184
direct_regularized_all,clp_cer,167
direct_regularized_all,clp_cot_delta_60m,164
direct_regularized_all,month_sin,163
direct_regularized_all,month_cos,155
direct_regularized_all,cloud_height_temp_interaction,152
direct_regularized_all,ghi_roll_180m_max,135
direct_regularized_all,synop_dewpoint_c,123
direct_regularized_all,nett_rad_now,106
direct_regularized_all,clp_cot_roll_180m_mean,103
direct_regularized_all,dhi_fraction,101
direct_regularized_all,ghi_now,100
direct_regularized_all,dhi_roll_180m_mean,98
direct_regularized_all,ghi_roll_60m_max,98
direct_regularized_all,ghi_to_aws_sr_ratio,96
direct_regularized_all,syn_cloud_cover_oktas_m,95
direct_regularized_all,clp_cth_roll_180m_mean,95
direct_regularized_all,synop_temp_c,91
direct_regularized_all,synop_wind_dir_deg,90
direct_regularized_all,aws_pressure_lag_60m,88
direct_regularized_all,aws_ws_roll_180m_mean,88
direct_regularized_all,dni_roll_180m_mean,86
direct_regularized_all,aws_pressure_hpa,83
direct_regularized_all,dhi_now,83
direct_regularized_all,hour_sin,80
direct_regularized_all,clp_cth_delta_180m,79
direct_regularized_all,aws_temp_roll_180m_mean,79
direct_regularized_all,clp_ctt_k,78
direct_regularized_all,clp_cth_m,75
direct_regularized_all,solar_elev_deg,75
direct_regularized_all,ghi_roll_30m_max,74
direct_regularized_all,ghi_roll_180m_std,73
direct_regularized_all,syn_weather_cloud_rain_proxy,71
direct_regularized_all,solar_elev_sin_clip,70
direct_regularized_all,syn_cloud_low_cover_oktas,67
direct_regularized_all,clp_cth_delta_60m,65
direct_regularized_all,ghi_roll_60m_min,63
direct_regularized_all,synop_rh_pct,60
direct_regularized_all,temp_rh_interaction,60
direct_regularized_all,ghi_lag_180m,59
direct_regularized_all,aws_rh_roll_180m_mean,59
direct_regularized_all,wind_u,58
direct_regularized_all,ghi_roll_180m_range,54
direct_regularized_all,ghi_roll_30m_min,53
direct_regularized_all,ghi_roll_180m_min,49
direct_regularized_all,ghi_delta_60m,48
direct_regularized_all,ghi_roll_60m_range,44
direct_regularized_all,syn_cloud_med_cover_oktas,44
direct_regularized_all,ghi_roll_180m_mean,43
direct_regularized_all,dni_lag_60m,43
direct_regularized_all,aws_rain_sum_180m,42
direct_regularized_all,dhi_lag_60m,41
direct_regularized_all,ghi_ramp_ratio_60m,39
direct_regularized_all,clp_cot_lag_60m,38
direct_regularized_all,aws_temp_delta_60m,35
direct_regularized_all,aws_temp_min_c,34
direct_regularized_all,clp_cth_lag_60m,33
direct_regularized_all,reflected_now,33
direct_regularized_all,aws_ws_avg,33
direct_regularized_all,aws_temp_lag_60m,33
direct_regularized_all,ghi_roll_60m_mean,33
direct_regularized_all,aws_rh_lag_60m,31
direct_regularized_all,wind_v,30
direct_regularized_all,aws_ws_max,29
direct_regularized_all,ghi_roll_60m_std,28
direct_regularized_all,asrs_n_obs_1min,27
direct_regularized_all,aws_rh_delta_60m,27
direct_regularized_all,syn_cloud_low_base_2,27
direct_regularized_all,synop_visibility,26
direct_regularized_all,ghi_roll_30m_std,24
direct_regularized_all,asrs_ok_obs,22
direct_regularized_all,vpd_proxy,22
direct_regularized_all,ghi_lag_120m,22
direct_regularized_all,syn_present_weather,22
direct_regularized_all,ghi_roll_30m_mean,19
direct_regularized_all,ghi_lag_60m,19
direct_regularized_all,syn_cloud_low_base_1,18
direct_regularized_all,aws_wd_deg,18
direct_regularized_all,aws_rain_mm,17
direct_regularized_all,aws_rh_pct,17
direct_regularized_all,clp_thick_cloud_flag,17
direct_regularized_all,syn_total_cloud_oktas,16
direct_regularized_all,aws_sr_avg_w_m2,16
direct_regularized_all,ghi_delta_10m,15
direct_regularized_all,hour_cos,15
direct_regularized_all,ghi_lag_30m,15
direct_regularized_all,aws_temp_c,15
direct_regularized_all,ghi_lag_10m,14
direct_regularized_all,synop_wind_speed,13
direct_regularized_all,diffuse_to_global_ratio,13
direct_regularized_all,aws_temp_max_c,13
direct_regularized_all,solar_elev_sin,12
direct_regularized_all,clp_moderate_cloud_flag,12
direct_regularized_all,syn_cloud_med_base_1,8
direct_regularized_all,clp_thin_cloud_flag,7
direct_regularized_all,clear_sky_ghi_now,6
direct_regularized_all,syn_past_weather_2,6
direct_regularized_all,syn_cloud_base_min,6
direct_regularized_all,aws_temp_range,5
direct_regularized_all,syn_cloud_low_base_3,3
direct_regularized_all,syn_past_weather_1,2
direct_regularized_all,synop_rainfall_24h_mm,2
direct_regularized_all,syn_cloud_high_base_1,0
direct_regularized_all,syn_cloud_depth_proxy,0
direct_regularized_all,syn_multi_layer_cloud_flag,0
direct_regularized_all,syn_low_cloud_present,0
direct_regularized_all,daylight_flag,0
direct_regularized_all,cloud_opacity_proxy,0
direct_regularized_all,syn_cloud_med_base_2,0
direct_regularized_all,sun_above_5deg_flag,0
direct_regularized_all,syn_cloud_high_base_2,0
direct_regularized_all,clp_cloud_present,0
direct_regularized_all,syn_cloud_layer_1_height_m,0
direct_regularized_all,syn_cloud_layer_2_height_m,0
direct_regularized_all,syn_cloud_layer_3_height_m,0
direct_regularized_all,syn_cloud_layer_4_height_m,0
direct_regularized_all,syn_cloud_layer_1_amt_oktas,0
direct_regularized_all,syn_cloud_layer_2_amt_oktas,0
direct_regularized_all,syn_cloud_layer_3_amt_oktas,0
direct_regularized_all,clp_clear_flag,0
direct_regularized_all,syn_cloud_layer_4_amt_oktas,0
direct_regularized_all,synop_solar_rad_24h,0
direct_deeper_all,clear_sky_ghi_target_60m,948
direct_deeper_all,clp_cot,901
direct_deeper_all,clp_cot_delta_180m,375
direct_deeper_all,dni_now,306
direct_deeper_all,kt_now,294
direct_deeper_all,clp_cer,280
direct_deeper_all,dni_fraction,269
direct_deeper_all,synop_dewpoint_c,267
direct_deeper_all,ghi_roll_180m_max,256
direct_deeper_all,clp_cot_delta_60m,254
direct_deeper_all,month_cos,249
direct_deeper_all,aws_ws_roll_180m_mean,228
direct_deeper_all,cloud_height_temp_interaction,225
direct_deeper_all,aws_pressure_lag_60m,222
direct_deeper_all,aws_pressure_hpa,209
direct_deeper_all,clp_cot_roll_180m_mean,206
direct_deeper_all,month_sin,205
direct_deeper_all,synop_temp_c,199
direct_deeper_all,clp_cth_roll_180m_mean,196
direct_deeper_all,dhi_roll_180m_mean,192
direct_deeper_all,dni_roll_180m_mean,187
direct_deeper_all,synop_wind_dir_deg,180
direct_deeper_all,clp_cth_delta_180m,174
direct_deeper_all,clp_ctt_k,174
direct_deeper_all,aws_temp_roll_180m_mean,169
direct_deeper_all,temp_rh_interaction,168
direct_deeper_all,ghi_roll_180m_std,156
direct_deeper_all,dhi_fraction,156
direct_deeper_all,aws_rh_roll_180m_mean,155
direct_deeper_all,clp_cth_m,154
direct_deeper_all,nett_rad_now,154
direct_deeper_all,ghi_roll_180m_range,153
direct_deeper_all,ghi_now,144
direct_deeper_all,syn_weather_cloud_rain_proxy,142
direct_deeper_all,solar_elev_deg,135
direct_deeper_all,dhi_now,128
direct_deeper_all,syn_cloud_cover_oktas_m,126
direct_deeper_all,syn_cloud_low_cover_oktas,125
direct_deeper_all,ghi_roll_60m_max,125
direct_deeper_all,clp_cth_delta_60m,119
direct_deeper_all,ghi_roll_180m_min,118
direct_deeper_all,ghi_roll_60m_min,116
direct_deeper_all,ghi_roll_30m_max,111
direct_deeper_all,hour_sin,110
direct_deeper_all,dni_lag_60m,107
direct_deeper_all,ghi_delta_60m,105
direct_deeper_all,ghi_to_aws_sr_ratio,102
direct_deeper_all,ghi_roll_60m_std,100
direct_deeper_all,clp_cot_lag_60m,100
direct_deeper_all,solar_elev_sin_clip,100
direct_deeper_all,clp_cth_lag_60m,99
direct_deeper_all,dhi_lag_60m,99
direct_deeper_all,ghi_roll_60m_range,98
direct_deeper_all,wind_u,96
direct_deeper_all,synop_rh_pct,95
direct_deeper_all,wind_v,95
direct_deeper_all,ghi_roll_180m_mean,84
direct_deeper_all,syn_cloud_med_cover_oktas,83
direct_deeper_all,ghi_lag_180m,83
direct_deeper_all,aws_rain_sum_180m,80
direct_deeper_all,aws_temp_min_c,78
direct_deeper_all,aws_temp_lag_60m,74
direct_deeper_all,ghi_ramp_ratio_60m,73
direct_deeper_all,aws_ws_avg,73
direct_deeper_all,aws_wd_deg,71
direct_deeper_all,aws_rh_delta_60m,71
direct_deeper_all,synop_visibility,70
direct_deeper_all,ghi_roll_30m_min,69
direct_deeper_all,aws_rh_lag_60m,68
direct_deeper_all,ghi_roll_60m_mean,67
direct_deeper_all,aws_temp_delta_60m,66
direct_deeper_all,aws_rh_pct,64
direct_deeper_all,ghi_lag_120m,59
direct_deeper_all,aws_ws_max,53
direct_deeper_all,ghi_roll_30m_std,52
direct_deeper_all,syn_present_weather,48
direct_deeper_all,vpd_proxy,48
direct_deeper_all,syn_cloud_low_base_1,46
direct_deeper_all,asrs_n_obs_1min,45
direct_deeper_all,reflected_now,43
direct_deeper_all,ghi_lag_60m,42
direct_deeper_all,ghi_roll_30m_mean,42
direct_deeper_all,aws_temp_c,41
direct_deeper_all,synop_wind_speed,40
direct_deeper_all,aws_rain_mm,39
direct_deeper_all,aws_sr_avg_w_m2,36
direct_deeper_all,syn_total_cloud_oktas,34
direct_deeper_all,ghi_delta_10m,33
direct_deeper_all,syn_cloud_low_base_2,29
direct_deeper_all,aws_temp_max_c,28
direct_deeper_all,ghi_lag_30m,28
direct_deeper_all,ghi_lag_10m,25
direct_deeper_all,clp_moderate_cloud_flag,24
direct_deeper_all,asrs_ok_obs,24
direct_deeper_all,clp_thick_cloud_flag,24
direct_deeper_all,hour_cos,22
direct_deeper_all,diffuse_to_global_ratio,22
direct_deeper_all,syn_cloud_med_base_1,14
direct_deeper_all,aws_temp_range,13
direct_deeper_all,solar_elev_sin,11
direct_deeper_all,clear_sky_ghi_now,11
direct_deeper_all,syn_past_weather_2,10
direct_deeper_all,clp_thin_cloud_flag,9
direct_deeper_all,syn_past_weather_1,8
direct_deeper_all,syn_cloud_base_min,6
direct_deeper_all,syn_cloud_low_base_3,3
direct_deeper_all,synop_solar_rad_24h,1
direct_deeper_all,synop_rainfall_24h_mm,1
direct_deeper_all,cloud_opacity_proxy,0
direct_deeper_all,sun_above_5deg_flag,0
direct_deeper_all,syn_low_cloud_present,0
direct_deeper_all,syn_multi_layer_cloud_flag,0
direct_deeper_all,syn_cloud_depth_proxy,0
direct_deeper_all,syn_cloud_med_base_2,0
direct_deeper_all,daylight_flag,0
direct_deeper_all,clp_cloud_present,0
direct_deeper_all,syn_cloud_high_base_1,0
direct_deeper_all,syn_cloud_layer_1_height_m,0
direct_deeper_all,syn_cloud_layer_2_height_m,0
direct_deeper_all,syn_cloud_layer_3_height_m,0
direct_deeper_all,syn_cloud_layer_4_height_m,0
direct_deeper_all,syn_cloud_layer_1_amt_oktas,0
direct_deeper_all,syn_cloud_layer_2_amt_oktas,0
direct_deeper_all,syn_cloud_layer_3_amt_oktas,0
direct_deeper_all,syn_cloud_layer_4_amt_oktas,0
direct_deeper_all,clp_clear_flag,0
direct_deeper_all,syn_cloud_high_base_2,0
direct_smooth_all,clear_sky_ghi_target_60m,643
direct_smooth_all,clp_cot,405
direct_smooth_all,dni_fraction,291
direct_smooth_all,kt_now,237
direct_smooth_all,dni_now,229
direct_smooth_all,nett_rad_now,145
direct_smooth_all,clp_cot_delta_180m,140
direct_smooth_all,cloud_height_temp_interaction,133
direct_smooth_all,month_cos,132
direct_smooth_all,dhi_now,132
direct_smooth_all,hour_sin,118
direct_smooth_all,ghi_now,85
direct_smooth_all,clp_cth_m,84
direct_smooth_all,solar_elev_deg,77
direct_smooth_all,solar_elev_sin_clip,65
direct_smooth_all,clp_cot_delta_60m,62
direct_smooth_all,dhi_fraction,59
direct_smooth_all,clp_ctt_k,57
direct_smooth_all,ghi_to_aws_sr_ratio,53
direct_smooth_all,month_sin,50
direct_smooth_all,syn_cloud_cover_oktas_m,49
direct_smooth_all,ghi_roll_180m_std,46
direct_smooth_all,dni_roll_180m_mean,45
direct_smooth_all,aws_pressure_hpa,42
direct_smooth_all,clp_cer,40
direct_smooth_all,clp_cot_roll_180m_mean,40
direct_smooth_all,ghi_lag_180m,37
direct_smooth_all,clp_cth_delta_60m,34
direct_smooth_all,ghi_roll_180m_range,34
direct_smooth_all,dhi_roll_180m_mean,33
direct_smooth_all,reflected_now,31
direct_smooth_all,syn_total_cloud_oktas,31
direct_smooth_all,ghi_ramp_ratio_60m,30
direct_smooth_all,clp_cth_roll_180m_mean,30
direct_smooth_all,ghi_roll_180m_max,27
direct_smooth_all,aws_rain_mm,25
direct_smooth_all,asrs_n_obs_1min,24
direct_smooth_all,ghi_roll_180m_mean,23
direct_smooth_all,ghi_roll_30m_std,23
direct_smooth_all,ghi_delta_10m,23
direct_smooth_all,ghi_roll_60m_max,22
direct_smooth_all,ghi_delta_60m,22
direct_smooth_all,clp_thick_cloud_flag,21
direct_smooth_all,ghi_roll_30m_max,21
direct_smooth_all,syn_weather_cloud_rain_proxy,20
direct_smooth_all,ghi_roll_60m_range,20
direct_smooth_all,temp_rh_interaction,20
direct_smooth_all,asrs_ok_obs,19
direct_smooth_all,aws_ws_roll_180m_mean,19
direct_smooth_all,aws_pressure_lag_60m,18
direct_smooth_all,aws_rain_sum_180m,17
direct_smooth_all,wind_u,17
direct_smooth_all,synop_temp_c,17
direct_smooth_all,ghi_roll_60m_mean,16
direct_smooth_all,ghi_roll_60m_std,16
direct_smooth_all,diffuse_to_global_ratio,16
direct_smooth_all,hour_cos,16
direct_smooth_all,ghi_roll_30m_min,15
direct_smooth_all,syn_cloud_low_cover_oktas,15
direct_smooth_all,clp_cth_delta_180m,15
direct_smooth_all,synop_wind_dir_deg,15
direct_smooth_all,clp_thin_cloud_flag,14
direct_smooth_all,aws_rh_roll_180m_mean,14
direct_smooth_all,aws_rh_lag_60m,13
direct_smooth_all,ghi_roll_30m_mean,13
direct_smooth_all,ghi_roll_60m_min,12
direct_smooth_all,ghi_roll_180m_min,12
direct_smooth_all,aws_temp_roll_180m_mean,11
direct_smooth_all,syn_present_weather,11
direct_smooth_all,aws_wd_deg,11
direct_smooth_all,aws_temp_delta_60m,11
direct_smooth_all,clp_cot_lag_60m,10
direct_smooth_all,dhi_lag_60m,10
direct_smooth_all,solar_elev_sin,10
direct_smooth_all,syn_past_weather_2,10
direct_smooth_all,clear_sky_ghi_now,7
direct_smooth_all,syn_cloud_med_cover_oktas,7
direct_smooth_all,clp_cth_lag_60m,6
direct_smooth_all,synop_dewpoint_c,5
direct_smooth_all,ghi_lag_120m,5
direct_smooth_all,aws_temp_lag_60m,4
direct_smooth_all,aws_temp_min_c,4
direct_smooth_all,synop_rh_pct,3
direct_smooth_all,ghi_lag_60m,3
direct_smooth_all,clp_moderate_cloud_flag,3
direct_smooth_all,syn_cloud_low_base_1,3
direct_smooth_all,aws_rh_pct,2
direct_smooth_all,synop_wind_speed,2
direct_smooth_all,synop_visibility,2
direct_smooth_all,ghi_lag_10m,2
direct_smooth_all,aws_temp_c,2
direct_smooth_all,aws_rh_delta_60m,2
direct_smooth_all,aws_temp_max_c,1
direct_smooth_all,vpd_proxy,1
direct_smooth_all,aws_ws_max,1
direct_smooth_all,aws_sr_avg_w_m2,1
direct_smooth_all,syn_cloud_low_base_2,1
direct_smooth_all,syn_past_weather_1,0
direct_smooth_all,syn_cloud_low_base_3,0
direct_smooth_all,syn_cloud_depth_proxy,0
direct_smooth_all,syn_cloud_base_min,0
direct_smooth_all,syn_multi_layer_cloud_flag,0
direct_smooth_all,syn_low_cloud_present,0
direct_smooth_all,daylight_flag,0
direct_smooth_all,sun_above_5deg_flag,0
direct_smooth_all,cloud_opacity_proxy,0
direct_smooth_all,aws_temp_range,0
direct_smooth_all,syn_cloud_high_base_1,0
direct_smooth_all,synop_rainfall_24h_mm,0
direct_smooth_all,synop_solar_rad_24h,0
direct_smooth_all,syn_cloud_high_base_2,0
direct_smooth_all,syn_cloud_layer_1_height_m,0
direct_smooth_all,ghi_lag_30m,0
direct_smooth_all,syn_cloud_layer_2_height_m,0
direct_smooth_all,wind_v,0
direct_smooth_all,syn_cloud_layer_3_height_m,0
direct_smooth_all,syn_cloud_layer_4_height_m,0
direct_smooth_all,dni_lag_60m,0
direct_smooth_all,syn_cloud_layer_1_amt_oktas,0
direct_smooth_all,syn_cloud_med_base_2,0
direct_smooth_all,aws_ws_avg,0
direct_smooth_all,syn_cloud_layer_2_amt_oktas,0
direct_smooth_all,clp_clear_flag,0
direct_smooth_all,syn_cloud_layer_3_amt_oktas,0
direct_smooth_all,clp_cloud_present,0
direct_smooth_all,syn_cloud_layer_4_amt_oktas,0
direct_smooth_all,syn_cloud_med_base_1,0
direct_top20,clear_sky_ghi_target_60m,1006
direct_top20,clp_cot,835
direct_top20,ghi_roll_180m_max,627
direct_top20,cloud_height_temp_interaction,570
direct_top20,dni_now,563
direct_top20,kt_now,533
direct_top20,aws_pressure_lag_60m,459
direct_top20,dni_fraction,456
direct_top20,synop_dewpoint_c,451
direct_top20,aws_ws_roll_180m_mean,441
direct_top20,dhi_roll_180m_mean,434
direct_top20,synop_temp_c,430
direct_top20,nett_rad_now,428
direct_top20,clp_cer,407
direct_top20,clp_cot_roll_180m_mean,367
direct_top20,clp_cot_delta_180m,344
direct_top20,synop_wind_dir_deg,328
direct_top20,clp_cot_delta_60m,293
direct_top20,month_cos,279
direct_top20,month_sin,259
direct_top40,clear_sky_ghi_target_60m,793
direct_top40,clp_cot,657
direct_top40,kt_now,304
direct_top40,dni_now,288
direct_top40,ghi_roll_180m_max,268
direct_top40,clp_cot_delta_180m,264
direct_top40,dni_fraction,215
direct_top40,clp_cer,204
direct_top40,solar_elev_deg,204
direct_top40,dni_roll_180m_mean,190
direct_top40,month_cos,188
direct_top40,cloud_height_temp_interaction,185
direct_top40,aws_ws_roll_180m_mean,181
direct_top40,clp_cot_delta_60m,180
direct_top40,synop_wind_dir_deg,177
direct_top40,dhi_roll_180m_mean,175
direct_top40,synop_temp_c,169
direct_top40,synop_dewpoint_c,165
direct_top40,clp_cot_roll_180m_mean,164
direct_top40,ghi_now,161
direct_top40,nett_rad_now,158
direct_top40,ghi_roll_60m_max,152
direct_top40,clp_cth_roll_180m_mean,151
direct_top40,syn_cloud_cover_oktas_m,151
direct_top40,dhi_fraction,148
direct_top40,aws_pressure_lag_60m,146
direct_top40,month_sin,146
direct_top40,ghi_roll_180m_std,140
direct_top40,aws_pressure_hpa,139
direct_top40,aws_temp_roll_180m_mean,124
direct_top40,temp_rh_interaction,121
direct_top40,syn_weather_cloud_rain_proxy,121
direct_top40,ghi_roll_180m_range,118
direct_top40,dhi_now,108
direct_top40,aws_rh_roll_180m_mean,106
direct_top40,clp_ctt_k,102
direct_top40,syn_cloud_low_cover_oktas,98
direct_top40,clp_cth_delta_180m,97
direct_top40,clp_cth_delta_60m,85
direct_top40,clp_cth_m,77
direct_top60,clear_sky_ghi_target_60m,764
direct_top60,clp_cot,676
direct_top60,dni_now,317
direct_top60,clp_cot_delta_180m,307
direct_top60,ghi_roll_180m_max,262
direct_top60,kt_now,252
direct_top60,clp_cot_delta_60m,232
direct_top60,dni_fraction,228
direct_top60,clp_cer,226
direct_top60,month_cos,215
direct_top60,synop_dewpoint_c,208
direct_top60,cloud_height_temp_interaction,202
direct_top60,clp_cth_roll_180m_mean,186
direct_top60,synop_temp_c,182
direct_top60,month_sin,182
direct_top60,aws_ws_roll_180m_mean,175
direct_top60,clp_cot_roll_180m_mean,174
direct_top60,aws_pressure_lag_60m,173
direct_top60,synop_wind_dir_deg,168
direct_top60,aws_pressure_hpa,168
direct_top60,dhi_roll_180m_mean,165
direct_top60,dni_roll_180m_mean,165
direct_top60,nett_rad_now,159
direct_top60,ghi_roll_60m_max,156
direct_top60,temp_rh_interaction,153
direct_top60,aws_rh_roll_180m_mean,152
direct_top60,ghi_to_aws_sr_ratio,141
direct_top60,dhi_fraction,137
direct_top60,aws_temp_roll_180m_mean,135
direct_top60,ghi_now,134
direct_top60,syn_weather_cloud_rain_proxy,131
direct_top60,ghi_roll_60m_min,128
direct_top60,clp_ctt_k,128
direct_top60,ghi_roll_30m_max,127
direct_top60,syn_cloud_cover_oktas_m,125
direct_top60,clp_cth_delta_60m,125
direct_top60,ghi_roll_180m_std,124
direct_top60,solar_elev_sin_clip,123
direct_top60,dhi_now,118
direct_top60,ghi_roll_60m_std,117
direct_top60,clp_cth_delta_180m,113
direct_top60,synop_rh_pct,113
direct_top60,wind_u,111
direct_top60,ghi_roll_180m_range,110
direct_top60,clp_cth_m,109
direct_top60,ghi_roll_180m_mean,107
direct_top60,solar_elev_deg,95
direct_top60,syn_cloud_low_cover_oktas,94
direct_top60,ghi_delta_60m,90
direct_top60,dhi_lag_60m,87
direct_top60,hour_sin,86
direct_top60,ghi_lag_180m,85
direct_top60,clp_cot_lag_60m,82
direct_top60,wind_v,79
direct_top60,ghi_roll_180m_min,73
direct_top60,clp_cth_lag_60m,72
direct_top60,synop_visibility,70
direct_top60,ghi_ramp_ratio_60m,67
direct_top60,aws_temp_delta_60m,64
direct_top60,syn_cloud_med_cover_oktas,63
